"path","bytes","sha256"
"coursework/year-1/semester-1/autocad/acad.err","152","969a4fd25ab27e9ad6ed022b516522544c35a76f27adbcfe6ddfa11c49a231c1"
"coursework/year-1/semester-1/autocad/big circle.bak","43581","a4440e99e8418fd0bda0b8968ddde9af03482318bc3109e9698b973f220dec86"
"coursework/year-1/semester-1/autocad/classwork 1015.bak","46873","53deadfa355100a1b30696a1e969f446a287a89aea160353722f334eb8b2f1f5"
"coursework/year-1/semester-1/autocad/classwork 1015.dwg","42765","ef7f76f698ab84f76ba826e97a5889fe870c50f0fc82a041f7b41f8cce9569c8"
"coursework/year-1/semester-1/autocad/Classwork6.2.bak","33360","fd7b0a87b520f54a99b98b827ea4a5501542ffa5b772003d1c9ecbf4eb0354cc"
"coursework/year-1/semester-1/autocad/Classwork6.2.dwg","41203","c014e1c086bcc895841f3dba43e8a53c0e6ef99c31b50c130a4872d306e6c86d"
"coursework/year-1/semester-1/autocad/DifferentMount.dwg","39630","b928824756f95989298710378b12448309bd98b7d8e828ba20a95fa283db7855"
"coursework/year-1/semester-1/autocad/Drawing2.dwg","34317","f2238537a553e22a6e5470c39cc4ac46a165b9bc6de785b8a7dcae95a6713963"
"coursework/year-1/semester-1/autocad/Drawing222.bak","35023","197774c26eddaa623e2fa997b84239713b173adbc79b8b3f1ac8212480ef31e0"
"coursework/year-1/semester-1/autocad/Drawing222.dwg","40143","ceb827ba323f3dc834ff0e3d99c3894d2db264dcf9b8c8a66d226cd7f1b25e28"
"coursework/year-1/semester-1/autocad/Drawing3.dwg","33424","d944cb19c7df4195e65e5f4575593266b423e8bcdecefe016d2c8aee8c3efe60"
"coursework/year-1/semester-1/autocad/Drawing4.dwg","34831","cc9d184c95c4d376ce3ab7d0ba404ae3a73a9c93656cba0a7b2b665c5f1dffd5"
"coursework/year-1/semester-1/autocad/Drawing5_recover.dwg","29101","8b788d99e23e6eb234e936320696d5066dee0a46f5d6512e4731513fdf0a5622"
"coursework/year-1/semester-1/autocad/Drawing7_recover.dwg","34989","2db73c772d0272dd3eb0a15ce6527d4e2ed8b33c418eb4157d877a6699b7de55"
"coursework/year-1/semester-1/autocad/Filter_Plate.dwg","50837","458fa6fe640aa764900ee87f1575fb55cf607ea26e1a5bb2b8c687f9edcd19d5"
"coursework/year-1/semester-1/autocad/FINAL.bak","65769","14f84c9b632c1bf4bfbaca4e332a4d7be91833d1042813cccf6671bf5bef8419"
"coursework/year-1/semester-1/autocad/FINAL.dwg","66986","2ab9056347387a52da2a34ef14f151bb141dd680b65a83cdc0f3f4cd37ee202b"
"coursework/year-1/semester-1/autocad/FINAL.pdf","107615","be4519868431e52d8cd804bfa31ac770a3ca32335b0fb85540675d901a5b1671"
"coursework/year-1/semester-1/autocad/Homework 4.1.bak","40880","c8ea97d1f39f0f46e9f1be92f710876941957a4156fca5ff14417d58e6ed9289"
"coursework/year-1/semester-1/autocad/Homework 4.1.dwg","41071","1dcadf8167fd6c39b1c088301d5cbfc9ea4bc5969c0ea7732b60b11c25476663"
"coursework/year-1/semester-1/autocad/Homework 4.1.pdf","93049","ab813671cf207179e278b6f7430ad71efd9caa14317610f6121bd1ecd16ea312"
"coursework/year-1/semester-1/autocad/Homework 4.2.bak","43247","6c5ab6356901c2d4ee85dc70ad1518f2bf7f5d36378c13154f6741f86d07e35c"
"coursework/year-1/semester-1/autocad/Homework 4.2.dwg","43408","6cbd483e0efa26019767f3724d98fe4a93a321039864e401381b06655df91bbc"
"coursework/year-1/semester-1/autocad/Homework 4.2.pdf","94384","9d5a949fa3da9acc1d6c93332532f22084d94d3ff41c7ea70c0f1651905ba234"
"coursework/year-1/semester-1/autocad/Homework 4.3.bak","48847","6407b3921eb0d1eece59d5c6d0db89aae8f747d1793e81935186ddaa8cfa911f"
"coursework/year-1/semester-1/autocad/Homework 4.3.dwg","46219","692161e3dce71bcf565dd6340c68b91d51be06f9461d67ba477027519fbe523d"
"coursework/year-1/semester-1/autocad/Homework 4.3.pdf","97086","91f031c01e3d121bc37c33254be9823188f3f829c9de359e2dc3bce203db53e5"
"coursework/year-1/semester-1/autocad/Homework 5.1.pdf","97965","5e1ef84c7841cf4c5a7f5003e147202c2e783fe66b284dd131b0411a8d2e7585"
"coursework/year-1/semester-1/autocad/Homework 5.2.pdf","98021","bf55817f1df263a79b695a1e306901b2c57ab201c3922adf9925b90c74a0fe1f"
"coursework/year-1/semester-1/autocad/Homework 6.1 (bryan).pdf","88642","e9f6c05874ce5dc63e969424d4d07e3d8563b01d7950c7c80639257ce2c99ec6"
"coursework/year-1/semester-1/autocad/Homework 6.1 Final.bak","41106","652831ef8310bb6b444994759d70c4bade554283cbfa9736734245fe9b66ba30"
"coursework/year-1/semester-1/autocad/Homework 6.1 Final.dwg","40273","37451ae634e1626fe535b19e196fbcb018308668df3e6e2544e8a93a4487ef05"
"coursework/year-1/semester-1/autocad/Homework 6.1 Final.pdf","92726","1423d5b08a5ce18e7c4f2c6add8074420a4640625e0a94031a7f37e64b64c157"
"coursework/year-1/semester-1/autocad/Homework 6.1.bak","38295","9f7adc1346c3d9504b6409b7b8a829a1ed99fefba9fa4750ca14918b19a87853"
"coursework/year-1/semester-1/autocad/Homework 6.1.dwg","43973","c0ea867f1d730ff4f89cddd45608b8167b469fe6b831f81feae8c42e11178e8b"
"coursework/year-1/semester-1/autocad/Homework 7.1.bak","86120","4ade1ca687a190e00c0daa8c5a67221d8443bee1416c3469bde9bc69e38034ee"
"coursework/year-1/semester-1/autocad/Homework 7.1.dwg","86209","2883442c0eb4e1cc0c3d604ec4fc9618952daa828dbfd17a9ef525cb91df8596"
"coursework/year-1/semester-1/autocad/Homework 7.2.bak","63002","85e6119a18b884a3a903e702b9790250ef65f8d4728a8011cf9f1bfb382579f0"
"coursework/year-1/semester-1/autocad/Homework 7.2.dwg","46224","abb07c2f254a6e6a801bef0f6a849f0df4dddee21b85252296fb1b3e97de4949"
"coursework/year-1/semester-1/autocad/Homework 7.pdf","109063","c47b58040f853166fd4f161b5bb4876579cdcb0773a602bed6b9903a2eeb1ea4"
"coursework/year-1/semester-1/autocad/HOMEWORK_3_ANGELO_DEMETROULAKOS.pdf","93324","c9f45a2539ca61eaed2283ac4632331fc81c57f07b78065260ea908eafa72cb5"
"coursework/year-1/semester-1/autocad/Homework1.dwg","39699","9f36313e614b1a65d39b173f1d9b45caad90678daa30894fb844bf221ce7f8ed"
"coursework/year-1/semester-1/autocad/Homework2.dwg","59066","ec31b6b7b4ab0bcc9d5425b82b6d5add0fd052003056b9fb68c9e294cc216e8d"
"coursework/year-1/semester-1/autocad/Homework6.2.bak","38808","a179193a045ad98c4037a5cb28e61820403f42be0e60a7ba18e40b6a5bf6fd70"
"coursework/year-1/semester-1/autocad/Homework6.2.dwg","46634","4e8cd5477dea6e8a89a63a756e460370a6bc5c91739d21def2648dbf3ea6366f"
"coursework/year-1/semester-1/autocad/Homework6.2.pdf","94136","02f48bacce011478eeb3f92d42e177e78f731dfb01dee2c67c33390e772aadfd"
"coursework/year-1/semester-1/autocad/Homework6.2final.dwg","65466","c1cb07a90af0b35b25bfcea65d0ed3f6232b315c64bafe4cd405f67fa1051071"
"coursework/year-1/semester-1/autocad/Homework6.3.bak","42402","c65ad9ad7945a4c0693ab6db6ba3ec122c48edafcd7aa7876aed6a17b5fc15d9"
"coursework/year-1/semester-1/autocad/Homework6.3.dwg","38862","8b77678bfedbb3a21b1a2f8874b4cc2cc1630f2d401454e822ce8bc633d1dcec"
"coursework/year-1/semester-1/autocad/Homework6.3Final.bak","65629","6cacdf049f496e65d2d92b637ec8073a4c703b05d03fc7b6d6ae01cff2e4e281"
"coursework/year-1/semester-1/autocad/Homework6.3Final.dwg","63158","2aadb0b90e51a0e2e3f101fac1e2ed35fb1196ccea719e0717362f86beedd5a7"
"coursework/year-1/semester-1/autocad/Homework6.3Final.pdf","96968","0a282c662be0b064a228443a1a53fb7f274a96eb26b6f4cd81378a4e552d63b8"
"coursework/year-1/semester-1/autocad/Homework6.3mm.bak","43470","164f65d0a89fc02ddae747738723dcbd2465b4ca74daaeec112b2380c34e33e4"
"coursework/year-1/semester-1/autocad/homework8.1.bak","67898","43ff8a6cca12aaea754514dae6fca89f4ad92f836fea65dc2fe927fd80fd2288"
"coursework/year-1/semester-1/autocad/homework8.1.dwg","70587","860ce09cee5bf1d21c595207052159a63a8e7fbe23abe5e792b068dec3d28ebc"
"coursework/year-1/semester-1/autocad/homework8.1.pdf","99227","07cf880ddfe704dd8147d2680a3d7b05c7647e041219f8011eb2c9f58e490ac3"
"coursework/year-1/semester-1/autocad/homework8.11.pdf","99417","cdfec9effef3b7f853a5db22f9f7549e951aca2e0aa9d08e2a420026d2f4f82b"
"coursework/year-1/semester-1/autocad/homework8.111.pdf","98948","c18c5e3d70a5c9417dd540fd39f3d2ff7a013a30325177afe3ff93c2bb6f1dfb"
"coursework/year-1/semester-1/autocad/homework8.2.bak","67966","13474d3f3c2577ef162a856e07f31598d84eccd2f5e9414ae536e22290033983"
"coursework/year-1/semester-1/autocad/homework8.2.dwg","67169","902779477c054bf46ca700a3e17f9e3fe90dd754feca1bbc4c6d665a27dde280"
"coursework/year-1/semester-1/autocad/homework8.2.pdf","99026","44f8a634027503e425d28a91f337526ddfdd2ae81dec618da2957d522d1b2c98"
"coursework/year-1/semester-1/autocad/homework8.22.pdf","99026","9e5148cece5b08b1ea673c662dd0cbfd3ba2816336aac12e568c84167dd5aa65"
"coursework/year-1/semester-1/autocad/homework8.222.pdf","99137","47ea0ebdef78b8d0a333b40774d1a9b20afa9250fb8ae2bef9984a0772429487"
"coursework/year-1/semester-1/autocad/HW333.dwg","65966","128aff041689994bd1e76f328e645dc94b4246cedcaa0a8feb1869aa1499467f"
"coursework/year-1/semester-1/autocad/HW3ANGELODEMETROULAKOS.dwg","53235","dbf082e4f74bdfa37f98d7703c05c375ed11352eb25d8a5b50cf8ab0f1557ffd"
"coursework/year-1/semester-1/autocad/little circle.bak","42092","bb936b1c8a75e5959a9c90c8fb1bd09efe87245f787310bddddbba1bd85fdaad"
"coursework/year-1/semester-1/autocad/Midterm 1.bak","47987","fd55e835369a3e6b88f3e72b134fc10c6a6c849f60cd13bcd833add07da7046e"
"coursework/year-1/semester-1/autocad/Midterm 1.dwg","47919","df4a2dbb7f5d0ed4bb53d0d55f6b26dd342e439061cffc8327c9550f43019643"
"coursework/year-1/semester-1/autocad/Midterm 1.pdf","94591","b2740463db8b8830f4d7adb8443a53c3d237716fad98fa1c61d239177190c94a"
"coursework/year-1/semester-1/autocad/Midterm 2.bak","68785","8ebe473412a4ef9018bd159586af9dff969173e12207b2a62b512332a187fee0"
"coursework/year-1/semester-1/autocad/Midterm 2.dwg","48720","a0f5c0b4ef143e5449e04497c589b3c2fd119c400286fd78ea0e08f4e2af733f"
"coursework/year-1/semester-1/autocad/Midterm 2.pdf","95450","a800361cbaa12b316f9e02d440d071de28d3c5ace7df4c8ba80f89c5135d02b1"
"coursework/year-1/semester-1/autocad/OGmount.dwg","62555","09ccc0175a59f991ad4324ab76104083b77d8786222678d09fd83899685b4842"
"coursework/year-1/semester-1/autocad/plot.log","3595","46afb54ad73a099df47833fb94aa0803b653179775d451be9431152318cc2d0b"
"coursework/year-1/semester-1/autocad/Polar Array.dwg","46254","18a1db9acabe58057fcb1a893e5a71a6ee9cc865965c5fc56add1f61d14a1cf8"
"coursework/year-1/semester-1/autocad/processed-28E0FA9A-9FBD-4A67-ABF1-3E190234C248.jpeg","2125561","381a7d5138d6a79fd230dce35e546cca3b48518708dedf76f00c1143063c1340"
"coursework/year-1/semester-1/autocad/Quiz1 Angelo Demetroulakos.pdf","96781","da1f30016c842dcf5e35a6d457e87d644d0e977b958e5d6a6bd1690b144cf6be"
"coursework/year-1/semester-1/autocad/Quiz1.bak","73467","3013cf3aacca96cb1bfd0533b4e6dcb0d2b5f7782ba89994b83ba0a9761bf30b"
"coursework/year-1/semester-1/autocad/Quiz1.dwg","73519","034d9317740da34237785a7904e4d8682982f305ac8926c3d4d91652e3a41f4f"
"coursework/year-1/semester-1/autocad/Quiz1.pdf","96786","2273aa8dd81ceed5969a77523fe8505b8bda610d996f56db6d1ce1c94a6a8af5"
"coursework/year-1/semester-1/autocad/Quiz3.bak","56215","038ecbff012088dd47cc0e20dfcc0e6ce72ae4ca63f6daf7ab9498a9ed655683"
"coursework/year-1/semester-1/autocad/Quiz3.dwg","60439","72e263da8ea16a8e5b8192089e103e08a8a4b7ac0a10b16e6147da4ecc42535b"
"coursework/year-1/semester-1/autocad/Quiz3.pdf","104088","f58b05394bcc59435ff24407cbc48f07143396265f422fedf1d636d136c485f7"
"coursework/year-1/semester-1/autocad/Random lines.dwg","37039","45f76998af41ea66190ec9978f01c70850737cd4c917724caf62f15bc4e2e3b0"
"coursework/year-1/semester-1/autocad/Rectangular Array.bak","41777","b206e72dfb20a11c4a8431f38024745777dad7b1c94daf52a0ffc8f896f4a898"
"coursework/year-1/semester-1/autocad/Rectangular Array.dwg","42799","ae708d59b6affebf266f80c840f9709692fd1615ed29847feaa0e9ad85230784"
"coursework/year-1/semester-1/autocad/title_block.bak","62555","0b4eef9e114f338604e37c050e8d7e257d573ff2e00a357d1ff7db0424980e98"
"coursework/year-1/semester-1/autocad/TitleBlockFinal.bak","37229","706f9d42b27196ce881b6d4f41777f67611268a4680060fb7d01c1399b6ea7a6"
"coursework/year-1/semester-1/autocad/TitleBlockFinal.dwg","37644","474e52bb5f4871465476e802078428f6051b97e3ac33a7b9c1240a013b99d3bb"
"coursework/year-1/semester-1/autocad/TitleBlockV2.bak","43410","052dcf0230abffa1664ee1f7434369df7daca5f183fb01eebda5503100d67bf3"
"coursework/year-1/semester-1/autocad/TitleBlockV2.dwg","64382","cb9a5a0bdb3704767f7b50869d2c9bc6cb32aa65ae8b31d02558b6049c346d8a"
"coursework/year-1/semester-1/autocad/Triangle.dwg","41898","79fb73633dce44383b6c0e2b45855268f1203c08aca7332af88ef6ce489dacfb"
"coursework/year-1/semester-1/autocad/Triangles.dwg","44652","3c0df7540253c9ddc64b6d41d8c4cffac7c9b2906003593579038f9f738ab0ef"
"coursework/year-1/semester-1/autocad/Weird House.bak","39501","5e8402c3ae872137bb9384d5eea1eb6b3c70621c3a254488ad3734b6b4255e21"
"coursework/year-1/semester-1/autocad/Weird House.dwg","39501","fbe0fba78ac9747c41c8dcc817d38a6c222aa29b2846602470f9038d015ee5c0"
"coursework/year-1/semester-2/autocad/ANGELO_DEMEROULAKOS_EX6-26.dwg","65710","7f198736edd4051ebff07a1ca2763ca5efa81175d79c052b1bd927839ae7db5a"
"coursework/year-1/semester-2/autocad/Angelo_Demetroulakos EX_8-1.bak","40270","25355e34edcb5d47bebbb29c3551f6b34720dcc88abc41ab7cc2c02a0b0e46e0"
"coursework/year-1/semester-2/autocad/Angelo_Demetroulakos EX_8-1.dwg","40463","52d8a5fbb68aec3702b0060ed40da78b9b8c0a44c7db93bfe9e65e2d783996c8"
"coursework/year-1/semester-2/autocad/Angelo_Demetroulakos EX_8-14.dwg","42064","0196ea679236ef776bd44b9efbc2d5e65e0afac87df458f7c36b1b57501a4f7b"
"coursework/year-1/semester-2/autocad/Angelo_demetroulakos EX_8-23.bak","39474","344660a39e06ada7678eda39a23c4979904e4185ed2519ae77e6c0de44196da3"
"coursework/year-1/semester-2/autocad/Angelo_demetroulakos EX_8-23.dwg","40210","c88969818ed14a5ac95ff67efd948ed5529434e56174844767a6d185b9e5e9c8"
"coursework/year-1/semester-2/autocad/Angelo_Demetroulakos EX_8-25.bak","40783","01b5ba8a49dee153f1d5fd5c837b995530a01a2d2f7f41bb42b94ceb27274a31"
"coursework/year-1/semester-2/autocad/Angelo_Demetroulakos EX_8-25.dwg","41392","78cc6abec877732356f849ff2ceab99d2206c78e323fbb7b1631b744a2693143"
"coursework/year-1/semester-2/autocad/Angelo_demetroulakos EX_8-27.dwg","38961","3d47e8c63ebacb107b04fdb939642d1ac006b170c43301c14f7b79fc511dc7a8"
"coursework/year-1/semester-2/autocad/Angelo_Demetroulakos EX_8-3.bak","41647","79e95b14bb9daebb2e13708812ac2b5aab226f5c57ab48b1ddb9f1f50855151c"
"coursework/year-1/semester-2/autocad/Angelo_Demetroulakos EX_8-3.dwg","41776","ed8e7856f9b9fe5e303664774c4ea4d1ebe977030dd34b5093422f800aff69ce"
"coursework/year-1/semester-2/autocad/Angelo_Demetroulakos EX_8-5.dwg","39025","92c59b2ba8285e8418fdb31dbee1a96ea7b11e01223f8246f31b1f1bc0d95cfd"
"coursework/year-1/semester-2/autocad/Angelo_Demetroulakos EX_8-6.dwg","45811","4af57d2b3fd3cb5ddb7b1c41cf87fb821684bed34029d035623f605404342c65"
"coursework/year-1/semester-2/autocad/Angelo_Demetroulakos EX_9-1.bak","40946","79f92744bb3836069f71d447afebd128d7248d9b24f62d77c660f3a20ae5755d"
"coursework/year-1/semester-2/autocad/Angelo_Demetroulakos EX_9-1.dwg","41490","d0952f91bcd7a961b54320570353090ccd22750f21a6a23add2b807a6354fb01"
"coursework/year-1/semester-2/autocad/Angelo_Demetroulakos EX_9-10.dwg","42543","941472d0ff4bacc6b2cb77591e1e693e56f3505f4567a114c9f5185e5885c5c6"
"coursework/year-1/semester-2/autocad/Angelo_Demetroulakos EX_9-12.dwg","41131","2194bd24bb20a8175322491302a67d3af599068c9740336582e9ec76a2449876"
"coursework/year-1/semester-2/autocad/Angelo_Demetroulakos EX_9-2.dwg","40720","cab8a7d1a8259887dfeefe2cd365d92358856584c4c4a557ab026c9548817b1b"
"coursework/year-1/semester-2/autocad/Angelo_Demetroulakos EX_9-5.dwg","37296","35c5f11ca6c7eb7af3487c4f7acc9559074bea1b2f3bcf4aaa8f24520de6bafe"
"coursework/year-1/semester-2/autocad/Angelo_Demetroulakos Video 1 HW.bak","37776","01219cc03eb6c9c1788a32da5226cd8b53dfbe56a597c6e26daf2933a5f07fdf"
"coursework/year-1/semester-2/autocad/Angelo_Demetroulakos Video 1 HW.dwg","40945","e80f2123d82ecc7dc7461a244369cb8aeb11952fa9c9467e66bb21d3efd82b78"
"coursework/year-1/semester-2/autocad/Angelo_Demetroulakos Video 2 HW.dwg","104744","414676519d77a141f1e4a2035afe45f79444e1a0d6f908851c05652f9248aa74"
"coursework/year-1/semester-2/autocad/ANGELO_DEMETROULAKOS_CHAPTER6_EX6-20IN.bak","60087","a9117636d48e14b672f02daf472ac9e987debca13c0c801a8fee2412d67ab22e"
"coursework/year-1/semester-2/autocad/ANGELO_DEMETROULAKOS_CHAPTER6_EX6-20IN.dwg","80440","3cf062effaf3e830e9854d91a51dc9cfa560efa4c5a9b1015205f1dd553cb69b"
"coursework/year-1/semester-2/autocad/ANGELO_DEMETROULAKOS_CHAPTER8_EX10IN.bak","53817","67e46c9cff1bce2011c51bcab5382e757ea306ebc78219ed32a076a64ecb7a82"
"coursework/year-1/semester-2/autocad/ANGELO_DEMETROULAKOS_CHAPTER8_EX10IN.dwg","59334","90d977708789a255a724dced3eed552e997bf9a91e5d484d81afd02ce4475b97"
"coursework/year-1/semester-2/autocad/ANGELO_DEMETROULAKOS_CHAPTER8_EX13IN.bak","60886","72c9eeb850c6ad868755e9bd6b57fd219bbd7a45e2896bd268a2a767b925c6ae"
"coursework/year-1/semester-2/autocad/ANGELO_DEMETROULAKOS_CHAPTER8_EX13IN.dwg","79339","da4ffa8e0ac05f1b0bd7eba342ffaf693552e314a71daf0acccf65a647be57a4"
"coursework/year-1/semester-2/autocad/ANGELO_DEMETROULAKOS_Chapter8_EX6-1MM.bak","60421","521d81c1d26c7c7fafbeffd93c2be539f9a73512ad91d41035a9401c23b8dc22"
"coursework/year-1/semester-2/autocad/ANGELO_DEMETROULAKOS_Chapter8_EX6-1MM.dwg","58393","9a15731f66b7706df0db88c8b915e5785a6c0ac9f43e57c3650abb6bd3ed278e"
"coursework/year-1/semester-2/autocad/ANGELO_DEMETROULAKOS_CHAPTER8_EX6-2MM.bak","74583","bc4c5aeda78aabfc73920fdf0939c1966b47025fdbf50839a1abe70aa5ee05a5"
"coursework/year-1/semester-2/autocad/ANGELO_DEMETROULAKOS_CHAPTER8_EX6-2MM.dwg","74583","3b29f57baa7db27d1d377ed54fb800976355ac3802a28db8845950cd891e8b50"
"coursework/year-1/semester-2/autocad/Angelo_Demetroulakos_Ex 5-22.bak","103302","2c246fa7a3940949040481c01902089db67eaa8393f5944b931463f4b3b5dc40"
"coursework/year-1/semester-2/autocad/Angelo_Demetroulakos_Ex 5-22.dwg","114305","76a456e9372b41ab4b5e318696a243d6f1e3d2d868792fd86ffb8290e6995bc8"
"coursework/year-1/semester-2/autocad/Angelo_Demetroulakos_EX15-1.bak","60360","1deb5c93e1be3a088299431dc019a3770d52b17f34e6cdb46dfc61fae5eab0ce"
"coursework/year-1/semester-2/autocad/Angelo_Demetroulakos_EX15-1.dwg","61202","c1fec441175dde8b12faa7f384bf6b0ed8828d2cf754150c3aa324b547e46224"
"coursework/year-1/semester-2/autocad/Angelo_Demetroulakos_EX15-13.bak","56466","5bf6e1c6c4a4f4f790fa432d4a5730e87ba48b3459045cf0b6ef2712512fc1d1"
"coursework/year-1/semester-2/autocad/Angelo_Demetroulakos_EX15-13.dwg","56142","00766ab7e126685926df11b97cf9e7eecd9b389a667b73a2afc862ec6d90c4ea"
"coursework/year-1/semester-2/autocad/Angelo_Demetroulakos_EX15-24MM.dwg","53684","4b8589d321f82d1fbe3c6c4ea111c0780c21078fb33abe6cad1f286f260e1a1c"
"coursework/year-1/semester-2/autocad/Angelo_Demetroulakos_EX15-30MM.bak","65814","2904191f49eb9eae0a3684c4214ac45f790ba784964afa0fa4030843c67cdc7e"
"coursework/year-1/semester-2/autocad/Angelo_Demetroulakos_EX15-30MM.dwg","63366","4a920c05ff22ce7bfefb1e2fc4608ca5ebaa48f424336df47e53016eecd9b742"
"coursework/year-1/semester-2/autocad/Angelo_Demetroulakos_EX15-4MM.bak","69149","75092c176a38c13d4fc32f9c997e1c72217ae64b5077ed8df3eef07e0f5aba7f"
"coursework/year-1/semester-2/autocad/Angelo_Demetroulakos_EX15-4MM.dwg","52686","fab2dae37a5a33101edaf226163acd528cfa585050d01bb6bca1d62cb6b19e33"
"coursework/year-1/semester-2/autocad/Angelo_Demetroulakos_EX15-5IN.bak","53586","626e2d60fcce132bb126715ff30225ee8bfd401c012548f03edfce9de94f65a8"
"coursework/year-1/semester-2/autocad/Angelo_Demetroulakos_EX15-5IN.dwg","78925","d54d458cfd004a3e6d0fd99a2e51fda5767d757472a4e65b8b4aefc83878829c"
"coursework/year-1/semester-2/autocad/Angelo_Demetroulakos_EX15-8MM.bak","63736","a93bac4175d126a638894f7c46c56f0b51916907b781d7bb547682f536cf2780"
"coursework/year-1/semester-2/autocad/Angelo_Demetroulakos_EX15-8MM.dwg","66328","88fe94e2d42a04a846e6309cff6480264cbb8c21deaad22e4df21845a2fedb1e"
"coursework/year-1/semester-2/autocad/Angelo_Demetroulakos_EX5-49MM.dwg","63226","0f3188859527e9e006dbf09558af420f779e5f50e7027b2083b39fe86542f8a1"
"coursework/year-1/semester-2/autocad/Angelo_Demetroulakos_EX5-8MM.dwg","71803","81895e3868fefcf63c455e8a1285d5b8331fbe0e84bd4c648c115b2c69a9c821"
"coursework/year-1/semester-2/autocad/Angelo_Demetroulakos_EX6-15MM.bak","61400","291b5125784cacf681cdab6f88f6693af112b102f52559e8f4b527bd8c01bf72"
"coursework/year-1/semester-2/autocad/Angelo_Demetroulakos_EX6-15MM.dwg","78693","88ed017ef45fe90dccff8cc41b9929c87b1ba0987e0e4f597211fe360d517025"
"coursework/year-1/semester-2/autocad/Angelo_Demetroulakos_EX6-16MM.bak","60791","9831aedea5c988df0ee9c340a9f99f76ddb1485b310dd1f6a2b35f8e31c592ea"
"coursework/year-1/semester-2/autocad/Angelo_Demetroulakos_EX6-16MM.dwg","59511","56225da7aac671aff504bdfdee9d7f012ec51498030159985877fb325b9daf7e"
"coursework/year-1/semester-2/autocad/Angelo_Demetroulakos_EX6-17IN.bak","77780","1fa2c2ba3d52cf5e229e2375e6a5640c4ad87e5189311fc98d337706305fdea7"
"coursework/year-1/semester-2/autocad/Angelo_Demetroulakos_EX6-17IN.dwg","58167","17de082512d0fbf06fcecf70b328de845b9a3bc7851eba9ec0f4836d3c4f322e"
"coursework/year-1/semester-2/autocad/Angelo_Demetroulakos_EX6-28IN.bak","43410","9f412e91b45322cb330f8a621ef4e05e05ebcc778beebf29d7d8eabe4af7ee56"
"coursework/year-1/semester-2/autocad/Angelo_Demetroulakos_EX6-28IN.dwg","43921","1dd311b74edb13206c8ae5a5aa9bc5868260e9d10b0de6ecfc7969c997ab71ca"
"coursework/year-1/semester-2/autocad/ANGELO_DEMETROULAKOS_EX6-3.bak","58487","b7b8b6192bff986b75ca27adc42a433435ad926b120ce506e5f8ba44bffcc907"
"coursework/year-1/semester-2/autocad/ANGELO_DEMETROULAKOS_EX6-3.dwg","62296","e30134d3996a1cd20a9c594340caeecbeaf37ab1f281f5b648bb1f14b1c1bae9"
"coursework/year-1/semester-2/autocad/Angelo_Demetroulakos_EX6-32MM.bak","45968","06bf4b1815e3252fff2a796c4e2d2a1b6d6a356e04cd1f0f2940dd9e1eb0610a"
"coursework/year-1/semester-2/autocad/Angelo_Demetroulakos_EX6-32MM.dwg","46289","75fa16d9ea115b145e02c5bd61fdbf9935b1844d298382309280416f267c10d5"
"coursework/year-1/semester-2/autocad/Angelo_Demetroulakos_EX7-12.bak","42803","470325041604183ef301f70a4653ef61853c5d5b2df450e2c1c337e4da5044b1"
"coursework/year-1/semester-2/autocad/Angelo_Demetroulakos_EX7-12.dwg","57837","a24affe590a0fc59750cd82881ffca01b7c8e33c944a1c5300db0b19518475d2"
"coursework/year-1/semester-2/autocad/Angelo_Demetroulakos_EX7-13MM.bak","35277","d74cefaa3248045d7eed48bef37f8e1d131cd1c482e9bf7cc7d1e6f5079f7b01"
"coursework/year-1/semester-2/autocad/Angelo_Demetroulakos_EX7-13MM.dwg","42347","0890787715a8fd12b8fd76e2d12e4634cba09f376078aee9f0e28b64d5e88cf7"
"coursework/year-1/semester-2/autocad/Angelo_Demetroulakos_HW1.bak","33615","be9174b5b653c025e865e3b47ff480ed609f678d149912839fda99243380e999"
"coursework/year-1/semester-2/autocad/Angelo_Demetroulakos_HW1.dwg","65141","492d87e8dcb92b2ebc5e56e4c8828e2533175a81ee91ae5ce8b1fae40a28c2be"
"coursework/year-1/semester-2/autocad/Angelo_Demetroulakos_P1_3_8_25.bak","57878","deeff88b61f806f847b7d990cc549d9807a3ba05354f12bcf69c47f8540b4d7d"
"coursework/year-1/semester-2/autocad/Angelo_Demetroulakos_P1_3_8_25.dwg","54327","f17816b103e4736b702c1cce25af351f547616bb69cb8c6009fd7b26ffd7e9bf"
"coursework/year-1/semester-2/autocad/Angelo_Demetroulakos_P2_3_8_25.dwg","48270","a5d2171e0e2ffbde8bff84e0bed4e1b174812df4cf326b404073454548349950"
"coursework/year-1/semester-2/autocad/Angelo_Demetroulakos_P3_3_8_25.bak","47120","bd5b57fa8d93859466781899eec94b4918a3e00e369c8f728ea00321b484c6bd"
"coursework/year-1/semester-2/autocad/Angelo_Demetroulakos_P3_3_8_25.dwg","49807","3f38ecb44eceac603c7801158706608ba58e9a05941b2c947333acd2028be24c"
"coursework/year-1/semester-2/autocad/Angelo_Demetroulakos_Quiz1.bak","67638","5763e1b25946f72477fabc4a170bffbced29a9b1fb4c6dd116c28cbeb6d4bb7a"
"coursework/year-1/semester-2/autocad/Angelo_Demetroulakos_Quiz1.dwg","67863","a3f0d187c8c6b369293f11c85ff14b6d289c6d0679911b26ee9c1e2b3e87d6f9"
"coursework/year-1/semester-2/autocad/Angelo_DemetroulakosEX15-10.dwg","41584","b041066ff21e89bf2cfb19c6ef9387047f783312348dd916ebb20571b5387167"
"coursework/year-1/semester-2/autocad/Drawing3.bak","34031","024f6b34458cf281f2030bcb2e643aa1476ed05ae6306a2cf8e86bafa1683832"
"coursework/year-1/semester-2/autocad/Drawing3.dwg","34101","dbe6b4a14a81495456982e9ed6d21e4081a7bcdeaf4cd16978f5e0c596f0a972"
"coursework/year-1/semester-2/autocad/EX5-49MM.bak","62427","b0fb22b11639e15a6e07ad7f68cfb9d09f39ce4ffacf6131285b112a33db3a7c"
"coursework/year-1/semester-2/autocad/EX5-8MM.bak","71803","cd39a4ecaf9f2ecd0e22b9c6731e4c5cfc6da5597c30d38dc716e07bcfda9b72"
"coursework/year-1/semester-2/autocad/Final/Final1.bak","41328","dec5a5c16a250cf7c3417a50add38bfd27280cdb5c8a01848d0f101a26a8bc97"
"coursework/year-1/semester-2/autocad/Final/Final1.dwg","41969","cccbc4f41994b03641601c6342d4ab010b6300e0394eb46f5a3a006f72c59cee"
"coursework/year-1/semester-2/autocad/Final/Final2.bak","42860","73d8abb3904a7bef553cec3429270609f37315bfee31f3a15a70a4c03a356edb"
"coursework/year-1/semester-2/autocad/Final/Final2.dwg","42388","c53110c8f4c41b21be430fa50ca107f12f09b1988442fad0cdf74fb45702d864"
"coursework/year-1/semester-2/autocad/Final/Final3.bak","41299","d18be9409ec033d12dbc3499381aa1d6c7f6a4d8dcfde77c0aa69e57ecc8affa"
"coursework/year-1/semester-2/autocad/Final/Final3.dwg","53171","20e7146b4b4962f233d4385ebaca228c51de05bd4c8d7f1e1c7945401bfd647c"
"coursework/year-1/semester-2/autocad/Final/Final4.bak","68118","87f35ffa2ad44315bab3214a7810d692efd4d309f8f2d33c11c594d8f6558d4e"
"coursework/year-1/semester-2/autocad/Final/Final4.dwg","70197","ba7cfa4672bd0ba2799123463889eae583d674d0d271c43ef46c18b1f7097b3e"
"coursework/year-1/semester-2/autocad/Final/Final5A.bak","75284","7bc688f3c3f937f73d17c6ac63a3f00567eb082932413fcecde425d16e8c1b7b"
"coursework/year-1/semester-2/autocad/Final/Final5A.dwg","51306","e16f1d91ba2aaeadecb8702ffef6a1a4a7887c1bc819d378687cbbb296c404f4"
"coursework/year-1/semester-2/autocad/Final/FINAl5b.bak","55318","21747781e80c025f80986b32f31d0234b02f5d16345b30a2488bda3fe2922adc"
"coursework/year-1/semester-2/autocad/Final/FINAl5b.dwg","54102","75172c2e03b9d064a126b5c435dd02a6d9c2ec5c86cfca0ab843f3ca21cea6b4"
"coursework/year-1/semester-2/autocad/Final/Final6.bak","89720","77742499a92f85a83104843dc998c53a653fa2565a4992db98e55ccf2e61b276"
"coursework/year-1/semester-2/autocad/Final/Final6.dwg","106717","7a252101c44a616d91a62ba84db0c383eae1bb7ce47643b563eb3b958024f481"
"coursework/year-1/semester-2/autocad/quiz2AC/QuizExtraCredit.dwg","117265","8085687765aa1afabedc3a24cf4382248d82463dfee4b365e20642b93447daed"
"coursework/year-1/semester-2/autocad/quiz2AC/QuizQ1.bak","52089","3f10d998f0c8f82d7085ab757d2add83dd67bf6c5fdd09c0077c264ee0546c35"
"coursework/year-1/semester-2/autocad/quiz2AC/QuizQ1.dwg","72440","de6b9837d5fe92809021d583562a89cb8ac6bb71bb716ffdf5db80973d47a93c"
"coursework/year-1/semester-2/autocad/quiz2AC/QuizQ2.bak","66244","4e6b79a096e1e06ad35dec487ec8437daf77dbe7d30a30ea0a8985140a4df3b7"
"coursework/year-1/semester-2/autocad/quiz2AC/QuizQ2.dwg","56504","cde743f9a5326952899a7ea972b350873db4ce58541d1e0ba6d714868f593ac6"
"coursework/year-1/semester-2/autocad/quiz2AC/QuizQ3.bak","101588","6bfbd3d5aee6cba25b7b0f514788868fe823df61bba8d07441c2994d142c8d40"
"coursework/year-1/semester-2/autocad/quiz2AC/QuizQ3.dwg","101809","39e3779115febcb5c99e4cb4aff6eb9f27cadde8b0112804811004cc07e26875"
"coursework/year-1/semester-2/autocad/quiz2AC/QuizQ4.bak","57602","6f54fd43d788ea5a16fe77e0c99efc6d81d9a0cc1033f755591726ca09a8d3ae"
"coursework/year-1/semester-2/autocad/quiz2AC/QuizQ4.dwg","58091","1d60561f7a2aad234958c05e9ca9a6597dae6ffcafff4e4c9719118208c8d22c"
"coursework/year-1/semester-2/autocad/TestLoft.dwg","60819","bd03bf81979d563f7fa2b57737801ff1f106046e742d84b8f0bfc99a0e425cb8"
"coursework/year-1/semester-2/autocad/TitleBlocks/TitleBlockInch.dwg","41262","8451dc89849067b2bfbac044cb29954c1c54ed20fb80b31edb37ee18210fd473"
"coursework/year-1/semester-2/autocad/TitleBlocks/TitleBlockMM.dwg","40561","188a6f9c4cc6eb9808e78eeb77cb75c0f11a9fe548cba823d5d5ad71d65e0c94"
"coursework/year-1/semester-2/mastercam/Tutorial 1/Angelo_DemetroulakosPOST_1.NC","12598","7468f4d044026bd719124e907b07ab3f55aba833bd32ae6eb186b8e7ceb82d63"
"coursework/year-1/semester-2/mastercam/Tutorial 1/Angelo_DemetroulakosPOST_NOTEPAD_1.txt","12598","7468f4d044026bd719124e907b07ab3f55aba833bd32ae6eb186b8e7ceb82d63"
"coursework/year-1/semester-2/mastercam/Tutorial 1/AngeloDemetroulakosCAM_1.emcam","789223","d3e77bf7cdb4786432494aa8e8125074cc22f65b4214149af4432bae9b5ffb94"
"coursework/year-1/semester-2/mastercam/Tutorial 2/Angelo_DemetroulakosCAM_2.emcam","10694111","2a36a3e01603fb25e986c40801c54cfe1b5f3cfe6d85ce51ed1382b0f4d081f6"
"coursework/year-1/semester-2/mastercam/Tutorial 2/Angelo_DemetroulakosPOST1Tutorial_2.NC","558648","81d200a5200d2ebf8c437cdb6e15c994ef0f00296ba7be9c37e714c9784aa121"
"coursework/year-1/semester-2/mastercam/Tutorial 2/Angelo_DemetroulakosPOST2Tutorial_2.NC","631","21ea2a8bf1e410041d9ba9fc00e862096a3ec007588b0d97d141048edd380e9d"
"coursework/year-1/semester-2/mastercam/Tutorial 2/POST1_NOTEPAD_Tutorial_2.txt","558648","81d200a5200d2ebf8c437cdb6e15c994ef0f00296ba7be9c37e714c9784aa121"
"coursework/year-1/semester-2/mastercam/Tutorial 2/POST2_NOTEPAD_Tutorial_2.txt","631","21ea2a8bf1e410041d9ba9fc00e862096a3ec007588b0d97d141048edd380e9d"
"coursework/year-1/semester-2/mastercam/Tutorial 3/Angelo_DemetroulakosCAM_3.emcam","1815820","7d417fe6578461280b94cf62a4756e772cfc8d17b277c880f3f5cfc6aaf55abe"
"coursework/year-1/semester-2/mastercam/Tutorial 3/Angelo_DemetroulakosPost1_Tutorial3.NC","227110","542dbd6063b915b1905b73166c09e71bf0ca05b58e77a725701fd7c254af9fc0"
"coursework/year-1/semester-2/mastercam/Tutorial 3/Angelo_DemetroulakosPost2_Tutorial3.NC","6255","d5ecfa2919393e420cafed72c356308ee3990a090159f5ec8d6d0c7d09cfb209"
"coursework/year-1/semester-2/mastercam/Tutorial 3/Post1_NOTEPAD_Tutorial3.txt","227110","542dbd6063b915b1905b73166c09e71bf0ca05b58e77a725701fd7c254af9fc0"
"coursework/year-1/semester-2/mastercam/Tutorial 3/Post2_NOTEPAD_Tutorial3.txt","6255","d5ecfa2919393e420cafed72c356308ee3990a090159f5ec8d6d0c7d09cfb209"
"coursework/year-1/semester-2/mastercam/Tutorial 4/Angelo_DemetroulakosCAM_4.emcam","1150980","f0a08d7d4af905970cd31f08a9e47a15a30847688ef4933fa78593de870d9008"
"coursework/year-1/semester-2/mastercam/Tutorial 4/Angelo_DemetroulakosSetup1_Tutorial4.NC","27664","41e1d4150cd422fbe497ef937c6c3e8216fc6fb872613c91f75861f91a69ac05"
"coursework/year-1/semester-2/mastercam/Tutorial 4/Angelo_DemetroulakosSetup2_Tutorial4.NC","3276","87eed236d2290b092b265f41b000cb1980d0134d8b0d19850fca612b33615bf9"
"coursework/year-1/semester-2/mastercam/Tutorial 4/Angelo_DemetroulakosSetup3_Tutorial4.NC","4984","328826bd1756646bebf574dadabdcd38d43a720e66f713d85d39655cf234118f"
"coursework/year-1/semester-2/mastercam/Tutorial 4/NewPrinter.cfg.txt","4406","763b51443dc615270d778786392ab8ea8cd2117ff60cc83d6a462d6aa86b8279"
"coursework/year-1/semester-2/mastercam/Tutorial 4/Setup1_NOTEPAD_Tutorial4.txt","27664","41e1d4150cd422fbe497ef937c6c3e8216fc6fb872613c91f75861f91a69ac05"
"coursework/year-1/semester-2/mastercam/Tutorial 4/Setup2_NOTEPAD_Tutorial4.txt","3276","87eed236d2290b092b265f41b000cb1980d0134d8b0d19850fca612b33615bf9"
"coursework/year-1/semester-2/mastercam/Tutorial 4/Setup3_NOTEPAD_Tutorial4.txt","4984","328826bd1756646bebf574dadabdcd38d43a720e66f713d85d39655cf234118f"
"coursework/year-1/semester-2/mastercam/Tutorial 5/Angelo_DemetroulakosCAM_5.emcam","2645536","23efc57c5b2e10428405a37e01dac0d92d994f250370dec9965cb096452ae610"
"coursework/year-1/semester-2/mastercam/Tutorial 5/Angelo_DemetroulakosPOST_5.NC","526430","8385bd4f9988030e7695b9f22ba07e4d298b33d87c8f18eda26cd9b8ce80f8cb"
"coursework/year-1/semester-2/mastercam/Tutorial 5/POST_NOTEPAD_5.NC","526430","8385bd4f9988030e7695b9f22ba07e4d298b33d87c8f18eda26cd9b8ce80f8cb"
"coursework/year-1/semester-2/mastercam/Tutorial 6/Angelo_DemetroulakosCAM_6.emcam","2221318","a774aa71fa49a02b71b5e6a76b16f489c29280b95854bf8cd7f7bd1098d79029"
"coursework/year-1/semester-2/mastercam/Tutorial 6/Angelo_DemetroulakosPOST_6.NC","336044","123a4f56756404edddd02644e3141bf0715bd0956490d327442a12a6c9bce56a"
"coursework/year-1/semester-2/mastercam/Tutorial 6/POST_NOTEPAD_6.txt","336044","123a4f56756404edddd02644e3141bf0715bd0956490d327442a12a6c9bce56a"
"coursework/year-1/semester-2/mastercam/Tutorial 7/Angelo_Demetroulakos_7.emcam","4090834","8dda97832fb665ddeb0c3e2394ae7d1f07bcd8fc210cd9764b79a422133c4120"
"coursework/year-1/semester-2/mastercam/Tutorial FIles/Mastercam 2022 Beginner TT Files/Soft Jaw Vise.mcam","4080046","e98ba7d7df953efea0f644817204cf4476e2c948befef49d2f1e1b1e4393177f"
"coursework/year-1/semester-2/mastercam/Tutorial FIles/Mastercam 2022 Beginner TT Files/Tutorial #4 Exercise.SLDPRT","193660","bdcf895066b90b83bf8872744253df5f3fa6861074ee384e066cd80c49b03866"
"coursework/year-1/semester-2/mastercam/Tutorial FIles/Mastercam 2022 Beginner TT Files/Tutorial #4.SLDPRT","128537","900988f9b5adb561ef51c0785db2d23a8da29f748a5e038ddfecb09be3ff5fca"
"coursework/year-1/semester-2/mastercam/Tutorial FIles/Mastercam 2022 Beginner TT Files/Vise.emcam","4041082","1af7e3e4c6fb3e86d54799ff9cb3f242b19aa05532244806969e343398984171"
"coursework/year-1/semester-2/mastercam/Tutorial FIles/Mastercam 2022 Beginner TT Files/Vise.mcam","4041296","7a2ede4fe96f91bf5464ae67a8a9da36a51cace03e0a375a04f8184f48fd6947"
"coursework/year-1/semester-2/mastercam/Tutorial FIles/Mastercam 2022 Beginner TT Files/Your Name_2.mcam","346413","dfc53569b7c15bcf781bdc789f0c14314663b8f8b93c008b04300e92730ccae2"
"coursework/year-1/semester-2/mastercam/Tutorial FIles/Mastercam 2022 Lathe PC Files/Lathe CY 1.mcam","369117","8e6078d350d0e59729c650f1829a8a14aa22979582eab6bece1ba6048ab08b31"
"coursework/year-1/semester-2/mastercam/Tutorial FIles/Mastercam 2022 Lathe PC Files/Lathe CY 2.mcam","368691","415b7b633dc6a7ee008a241e35ea13037520f82c378cabd5427ae1c8f18e2b7f"
"coursework/year-1/semester-2/mastercam/Tutorial FIles/Mastercam 2022 Lathe PC Files/Training exercises/ANALYZE CHAIN.mcam","548084","c405f30eda9cf022804a02a535f45eabd5bb1999bff2cd957661dc7e8d66c990"
"coursework/year-1/semester-2/mastercam/Tutorial FIles/Mastercam 2022 Lathe PC Files/Training exercises/ANALYZE.mcam","618477","94d5108f5af09c9e6f41fb599cefd8d17b39c22feeefbf41e53cca2f30fca8de"
"coursework/year-1/semester-2/mastercam/Tutorial FIles/Mastercam 2022 Lathe PC Files/Training exercises/ATTRIBUTES.mcam","312446","6961c5e833ce938685c0b7e6675c2ac8969164d172106b1d3aedf99c1adcbe0e"
"coursework/year-1/semester-2/mastercam/Tutorial FIles/Mastercam 2022 Lathe PC Files/Training exercises/BREAK.mcam","324343","18e8e59ccdad4cd526bb00817b31d79bb09c3d0985bc3581832947ee907c98e1"
"coursework/year-1/semester-2/mastercam/Tutorial FIles/Mastercam 2022 Lathe PC Files/Training exercises/Buttress Thread 2_4.mcam","305247","53475986359982fe87487887de30e9b63eea81da7b2b090236be795eb6b98475"
"coursework/year-1/semester-2/mastercam/Tutorial FIles/Mastercam 2022 Lathe PC Files/Training exercises/CHAIN.mcam","548329","1346acea31214e475357f9dd9cf9e6e439c0cc56916c554905be6d6d8f4d1eed"
"coursework/year-1/semester-2/mastercam/Tutorial FIles/Mastercam 2022 Lathe PC Files/Training exercises/CHAMFER.mcam","638758","00248b324b3f7825fa7a9e4ba844e99b6c351c45c2355fe2720313fb092d2113"
"coursework/year-1/semester-2/mastercam/Tutorial FIles/Mastercam 2022 Lathe PC Files/Training exercises/CHANGE ATTRIBUTES.mcam","822004","fad9fdacf5905449933581003ed5d87ed8e048375dfde2298b168d299a0995de"
"coursework/year-1/semester-2/mastercam/Tutorial FIles/Mastercam 2022 Lathe PC Files/Training exercises/Chess Piece for drawing.SLDPRT","225849","485a8e858a3f3ba7402b79a2dabdebc0429e79c2656684857d639bed8eb7c640"
"coursework/year-1/semester-2/mastercam/Tutorial FIles/Mastercam 2022 Lathe PC Files/Training exercises/CREATE_3D_TOOL PART.mcam","303889","0d2f4c57c0ba320726f0dd0a1bccc9c0d00036e82a37076071c590265239da9e"
"coursework/year-1/semester-2/mastercam/Tutorial FIles/Mastercam 2022 Lathe PC Files/Training exercises/CREATE_ARC.mcam","541132","546e4dce1173b9313d6c3ef170f6b9728e65f8f8b4d5a6627dab831edf11a11e"
"coursework/year-1/semester-2/mastercam/Tutorial FIles/Mastercam 2022 Lathe PC Files/Training exercises/CREATE_ARC_TANG.mcam","323730","c89133a8c628565593a91872bcb3c216e923ae15c01f25d0fb6c1fe759562851"
"coursework/year-1/semester-2/mastercam/Tutorial FIles/Mastercam 2022 Lathe PC Files/Training exercises/CREATE_LINE_TANGENT.mcam","327851","65c3072d87f17092096b1237c1b3a013f580de3232b3dd5153162ac1a7fec249"
"coursework/year-1/semester-2/mastercam/Tutorial FIles/Mastercam 2022 Lathe PC Files/Training exercises/CREATE_LINES.mcam","355086","10f3817c73d42a3ea6d0f5d1b6a07cab0da75e60b07648e1bfbf72385f894bec"
"coursework/year-1/semester-2/mastercam/Tutorial FIles/Mastercam 2022 Lathe PC Files/Training exercises/CREATE_POINT_POS.mcam","329201","288fcab4ca946ba4fb80c3e40024aa3aebc735ecadfed32d5483e3e6b719cbd4"
"coursework/year-1/semester-2/mastercam/Tutorial FIles/Mastercam 2022 Lathe PC Files/Training exercises/CREATE_RECTANGLE.mcam","337361","48d21dc5ac977c48f0aa543c240a9295765d847ccde7553eb9ed0c200032ed8e"
"coursework/year-1/semester-2/mastercam/Tutorial FIles/Mastercam 2022 Lathe PC Files/Training exercises/CREATE_Relief_Groove.mcam","554024","335e9b5aadb66a056ecdfb46057a5679352004581fb27db67609286abf268b02"
"coursework/year-1/semester-2/mastercam/Tutorial FIles/Mastercam 2022 Lathe PC Files/Training exercises/CUSTOM TOOL GEOMETRY.mcam","508157","6663ca2d337c4bfa42087ced070de8fa2d9d3e9f2d991fc391bd2b09ca15b6a9"
"coursework/year-1/semester-2/mastercam/Tutorial FIles/Mastercam 2022 Lathe PC Files/Training exercises/CUSTOM TOOL PART.mcam","450111","a8b7d69663c8d8a54a111ac86ca53124b88b97c9f86a4420f8b84f7c3606d615"
"coursework/year-1/semester-2/mastercam/Tutorial FIles/Mastercam 2022 Lathe PC Files/Training exercises/DRAWING #1.mcam","569928","de273895915c06d684cbf173371f9d9ef1b4bedfa07063da4b7714de0d6b241d"
"coursework/year-1/semester-2/mastercam/Tutorial FIles/Mastercam 2022 Lathe PC Files/Training exercises/DRAWING #10.mcam","558007","a71b772125ba9d054a0f43c91be4591ac4014f6157ac4d29b0d594505d92400d"
"coursework/year-1/semester-2/mastercam/Tutorial FIles/Mastercam 2022 Lathe PC Files/Training exercises/DRAWING #12.mcam","308341","5cdd909575da9e299916fec5c868174714e36115e22e5862794fc4d5f9f7694c"
"coursework/year-1/semester-2/mastercam/Tutorial FIles/Mastercam 2022 Lathe PC Files/Training exercises/DRAWING #14.mcam","387534","2a15ddf154a7fdf3da449693fe4d06ab2b7228cc378f9cfd47be836013ceb6a3"
"coursework/year-1/semester-2/mastercam/Tutorial FIles/Mastercam 2022 Lathe PC Files/Training exercises/DRAWING #15.mcam","382482","7de5486fc87e60859303e6b6475efe45bc01c5245456fc7499a174bff3e60df3"
"coursework/year-1/semester-2/mastercam/Tutorial FIles/Mastercam 2022 Lathe PC Files/Training exercises/DRAWING #2.mcam","559021","8ac27d0d235ac584137bfd0334790b263a9030382afd237224fab3ccdc2edfe7"
"coursework/year-1/semester-2/mastercam/Tutorial FIles/Mastercam 2022 Lathe PC Files/Training exercises/DRAWING #3.mcam","611287","25899c485211b2473aadf1ad874704f5143e9f2bde6e7943a69702168a905b95"
"coursework/year-1/semester-2/mastercam/Tutorial FIles/Mastercam 2022 Lathe PC Files/Training exercises/DRAWING #4.mcam","546009","577074de8b27ab16d5e58872af729fbbd050de3d79638e7c4136199820ce233b"
"coursework/year-1/semester-2/mastercam/Tutorial FIles/Mastercam 2022 Lathe PC Files/Training exercises/DRAWING #5.mcam","334361","3a9617de3bb398a8422652e44ce2b92bf1a937beb86a1ac0c33f3edca948b942"
"coursework/year-1/semester-2/mastercam/Tutorial FIles/Mastercam 2022 Lathe PC Files/Training exercises/DRAWING #6.mcam","343045","0045550264c06a0c92a390d3c4b154b9110326c2c5bb5af0f2a28f139ed23764"
"coursework/year-1/semester-2/mastercam/Tutorial FIles/Mastercam 2022 Lathe PC Files/Training exercises/DRAWING #7.mcam","562123","296da4ccfbe3050ef56c12b4d55d9472214201ed322ef210bd84e0ab4f0472cd"
"coursework/year-1/semester-2/mastercam/Tutorial FIles/Mastercam 2022 Lathe PC Files/Training exercises/DRAWING #8.mcam","559744","5ef0ff75eaa733fa4a15b92cf6c1e0d323067e4b7b5ff0c76a5564f377d38700"
"coursework/year-1/semester-2/mastercam/Tutorial FIles/Mastercam 2022 Lathe PC Files/Training exercises/DRAWING #9.mcam","513235","8b38bf6fda5b289de56c448fcafc4ed76ca2862e94480946c8c804482b24c5f4"
"coursework/year-1/semester-2/mastercam/Tutorial FIles/Mastercam 2022 Lathe PC Files/Training exercises/Drawing_14.sldprt","554496","e569a8ac70bda699e1e8edecdb3e4340ac4f56f515226919ac15521e44af34ff"
"coursework/year-1/semester-2/mastercam/Tutorial FIles/Mastercam 2022 Lathe PC Files/Training exercises/FILLET.mcam","411855","ae9bac117519140e67a3de732ad5b227f12f25202a3a4053d8e7674e57227db9"
"coursework/year-1/semester-2/mastercam/Tutorial FIles/Mastercam 2022 Lathe PC Files/Training exercises/Geometry.dwg","14320","3b7420a2c5e857514a901f354f3daa87cd4870bc6b2302dbc45f6aa54a723aed"
"coursework/year-1/semester-2/mastercam/Tutorial FIles/Mastercam 2022 Lathe PC Files/Training exercises/JOIN.mcam","457475","cbee513333fc61301546f54062b4294a4daccde3ea38edc6c8bc5ceb5bf9731b"
"coursework/year-1/semester-2/mastercam/Tutorial FIles/Mastercam 2022 Lathe PC Files/Training exercises/LEVELS.mcam","513447","26b03ada0e6ae9fd45f468ed467351967e8825e41106fd52bf79bc23601bdc1d"
"coursework/year-1/semester-2/mastercam/Tutorial FIles/Mastercam 2022 Lathe PC Files/Training exercises/MIRROR.mcam","337700","56dd305bca4f7b5ebcc741f19f070e6da6bbd63002b59da09fa27dacc15aae39"
"coursework/year-1/semester-2/mastercam/Tutorial FIles/Mastercam 2022 Lathe PC Files/Training exercises/OD_Holder.stp","210487","21ec94ccbb3389e2d1c1711aa055ce45b50ffce9fb7ae0cebc1294087e89f7c7"
"coursework/year-1/semester-2/mastercam/Tutorial FIles/Mastercam 2022 Lathe PC Files/Training exercises/OD_Insert.stp","28983","e298c5624e06235b17ed938c1d72bdac0242a7a6deac276b44b5b998f1cdbd77"
"coursework/year-1/semester-2/mastercam/Tutorial FIles/Mastercam 2022 Lathe PC Files/Training exercises/OFFSET.mcam","764092","f77284ff71417274a306f90cbbd0c23874bec7760e836cd8e9bc01c4193bd2a2"
"coursework/year-1/semester-2/mastercam/Tutorial FIles/Mastercam 2022 Lathe PC Files/Training exercises/PLUNGE-TURN.mcam","598725","99cfd8f0cad0ff9811532cda0e8866c34d9118fcebfef4318def94e7d8066450"
"coursework/year-1/semester-2/mastercam/Tutorial FIles/Mastercam 2022 Lathe PC Files/Training exercises/Prime Turning Example.mcam","298023","5f14414fdcb20bafa9d1c4cd159de0ee3e06449c9a1e388da31454614af2add7"
"coursework/year-1/semester-2/mastercam/Tutorial FIles/Mastercam 2022 Lathe PC Files/Training exercises/TRANSLATE.mcam","529892","dbbb6a5ccb6dd6e615fe2214f272fa0dc4c2ee1dcd9af88179a6767f5e62d834"
"coursework/year-1/semester-2/mastercam/Tutorial FIles/Mastercam 2022 Lathe PC Files/Training exercises/TRIM.mcam","325159","3912c1c38ad59074b4adc72e150cc0d2c3048388843b59ac655e91082ef2982b"
"coursework/year-1/semester-2/mastercam/Tutorial FIles/Mastercam 2022 Lathe TT Files/EXERCISE #3.X_T","9576","d44b3f8e80480bfb2390311602e66fa2e42e78541172a1d8958fedbcd3d311f5"
"coursework/year-1/semester-2/mastercam/Tutorial FIles/Mastercam 2022 Lathe TT Files/TUTORIAL #3.X_T","26448","3f4c0ec5cb8ac93a550a6a15cad6baa9fb41c5604c78fb99aed3cf651c512d6b"
"coursework/year-1/semester-2/mastercam/Tutorial FIles/Mastercam 2022 Lathe TT Files/Tutorial #7 Exercises.SLDPRT","231424","1fe014c828aa23e47533e001641e8fe1378d1d815e6fd7c27b802a56663e74d8"
"coursework/year-1/semester-2/mastercam/Tutorial FIles/Mastercam 2022 Lathe TT Files/Tutorial #7.SLDPRT","272384","1d928d8fccab7e8db4476e7ad77f72f1628808678f7b5a219274fa9e03652f0e"
"coursework/year-1/semester-2/mastercam/Tutorial FIles/Mastercam 2022 Lathe TT Files/VTL Machine files/GENERIC FANUC 4X MT_LATHE.mcam-control","202644","259e5250e257b809c018e290ea7001265a0482527fa262a3f1eb58985f47751a"
"coursework/year-1/semester-2/mastercam/Tutorial FIles/Mastercam 2022 Lathe TT Files/VTL Machine files/VTL RIGHT TURRET.mcam-lmd","110059","5900507e80902de2de062356e5ed3031d41768264e03de890b0852b05cac6001"
"coursework/year-1/semester-2/mastercam/Tutorial FIles/Mastercam 2022 Mill 2D Advanced PC Files/0.375 Tap Holes Export.mcam","1879152","faf7044bd90b39b58434d6f8eed92859a1e5b61165844749c0191dfbcef09c78"
"coursework/year-1/semester-2/mastercam/Tutorial FIles/Mastercam 2022 Mill 2D Advanced PC Files/0.375 Tap Holes Import.mcam","968691","51ea142c5cf7455e6113da8929aca20dee0c2b58e34f81f2b796822f0dab76d9"
"coursework/year-1/semester-2/mastercam/Tutorial FIles/Mastercam 2022 Mill 2D Advanced PC Files/2DHST EXERCISE-1.x_t","22814","3fb3ff426b0d2c2769c25c4f50b55067287df6ca6121c9f9387c7085fbf66c13"
"coursework/year-1/semester-2/mastercam/Tutorial FIles/Mastercam 2022 Mill 2D Advanced PC Files/2DHST.x_t","62462","f039872f6ac2a1fceb0d9fe6952e5f6972e5d230f410e4902dea0ec018bf73cd"
"coursework/year-1/semester-2/mastercam/Tutorial FIles/Mastercam 2022 Mill 2D Advanced PC Files/4AXIS.mcam","950394","6d529d8db3eebe27838e06fc42f16a74b83e65706e2ecbed0f0fae8efc121a1a"
"coursework/year-1/semester-2/mastercam/Tutorial FIles/Mastercam 2022 Mill 2D Advanced PC Files/5666928 - ECI-H4M 500-1.0W500CFE3.5 - Basic-inch.stp","23910","65e2ffd66d30ea927db5f2a32f01e93a51f289ce23aa9a3740132da4241738af"
"coursework/year-1/semester-2/mastercam/Tutorial FIles/Mastercam 2022 Mill 2D Advanced PC Files/5667924 - ECI-H4M 375-750W375CFE3. - Basic-inch.stp","30536","c5d34f44451c9d6ecb5e926467c5e4dd07da248a01e6c2d4a10467c1f2caf2a1"
"coursework/year-1/semester-2/mastercam/Tutorial FIles/Mastercam 2022 Mill 2D Advanced PC Files/Align to Face.mcam","3766754","080d1748e4ff34ed2d87e8ffa5859ab5c1a50352cd86e67d556eed4339275613"
"coursework/year-1/semester-2/mastercam/Tutorial FIles/Mastercam 2022 Mill 2D Advanced PC Files/Align to Face_Part.mcam","753072","efc030efb2ded1e5b4b10ad293d453e65e032a4527083e686cbbcb1465f441c3"
"coursework/year-1/semester-2/mastercam/Tutorial FIles/Mastercam 2022 Mill 2D Advanced PC Files/Align to Plane.mcam","4152727","c19fab8110c03ca5e7c5bb93186488612dedde4004944c8500c1b1306cb068aa"
"coursework/year-1/semester-2/mastercam/Tutorial FIles/Mastercam 2022 Mill 2D Advanced PC Files/FRAME NESTED.mcam","445267","12bbddb1276a4815e772ab79fd52b09855e1317d879ff068f801cc5d2cb5e1d6"
"coursework/year-1/semester-2/mastercam/Tutorial FIles/Mastercam 2022 Mill 2D Advanced PC Files/FRAME NESTED_TOOLPATHS.mcam","475138","6cfe8cbf945e6da1888d6634e4f6292a1ba2121db8999e61aa1b6bee321a30ac"
"coursework/year-1/semester-2/mastercam/Tutorial FIles/Mastercam 2022 Mill 2D Advanced PC Files/Horizontal Indexing Exercise.mcam","14815158","9a98ae3cb9694a0b832d5aa1d8e3ae40b8d5bbee60cd802a6a9c4d95866add8f"
"coursework/year-1/semester-2/mastercam/Tutorial FIles/Mastercam 2022 Mill 2D Advanced PC Files/Horizontal Indexing.mcam","16103667","a1db359199dd574f8848ce732c79fd0740cbdb2326b776eba8a15a287b7756c7"
"coursework/year-1/semester-2/mastercam/Tutorial FIles/Mastercam 2022 Mill 2D Advanced PC Files/HS Dynamic Part1.mcam","658028","c01a268b49f56b75a49ed0b0a17878d561a4168f851b2951e7b6ff6496439592"
"coursework/year-1/semester-2/mastercam/Tutorial FIles/Mastercam 2022 Mill 2D Advanced PC Files/HS Dynamic Part2.mcam","554537","86977a074a47cb6654838d139cebfbaaefc29d3bc325c304f4746fa190ed6020"
"coursework/year-1/semester-2/mastercam/Tutorial FIles/Mastercam 2022 Mill 2D Advanced PC Files/Levels and Viewsheets.mcam","14769234","2305fe289d4371169bd6dd6284ff2de2d43caea9d67b92632c86cc78a156e5cf"
"coursework/year-1/semester-2/mastercam/Tutorial FIles/Mastercam 2022 Mill 2D Advanced PC Files/Levels and Viewsheets_Exercise.mcam","15224510","12a444887541cfe89da7094b17315438912010d4a7c0f28a86dad86088423ffe"
"coursework/year-1/semester-2/mastercam/Tutorial FIles/Mastercam 2022 Mill 2D Advanced PC Files/MPMaster_2022/MPMASTER.mcam-control","231364","b3f55797a4a11764ad3167f036f5c71783dc9fb8ebf3af4fc1605a65aa9ef583"
"coursework/year-1/semester-2/mastercam/Tutorial FIles/Mastercam 2022 Mill 2D Advanced PC Files/MPMaster_2022/MPMASTER.pst","211923","44addbd33177fcd408d3d87225c560ab599f9c705e0bc33b6f4bcc8a34f6a9fb"
"coursework/year-1/semester-2/mastercam/Tutorial FIles/Mastercam 2022 Mill 2D Advanced PC Files/MPMaster_2022/MPMASTER_HORIZONTAL.mcam-mmd","86324","b0b50e16c8cefce3f385c0dfcbebc06a9b5bf5db36325e5a3871c4f070d4d7b8"
"coursework/year-1/semester-2/mastercam/Tutorial FIles/Mastercam 2022 Mill 2D Advanced PC Files/MPMaster_2022/MPMASTER_VERTICAL.mcam-mmd","89351","e41227d5d6cee55097243cffba2f5858bc8842891501efd32603ec8c12d07d37"
"coursework/year-1/semester-2/mastercam/Tutorial FIles/Mastercam 2022 Mill 2D Advanced PC Files/Multiple Surface_Machining.mcam","378827","f7963048db441b8adebfc9d74e2d614611c787732a23e03abbe9903673807f8f"
"coursework/year-1/semester-2/mastercam/Tutorial FIles/Mastercam 2022 Mill 2D Advanced PC Files/OptiRough EXERCISE-1.mcam","351093","8fec3806cae4defdac54a3948fe1b3ad155005f595d1312f2b99b300fbc4fe0b"
"coursework/year-1/semester-2/mastercam/Tutorial FIles/Mastercam 2022 Mill 2D Advanced PC Files/OPTIROUGH EXERCISE-2.mcam","627916","614f59075b63288d222ae528f6679a5559c7946cc592fbfa0cd788ed5ba7719f"
"coursework/year-1/semester-2/mastercam/Tutorial FIles/Mastercam 2022 Mill 2D Advanced PC Files/OptiRough_AutomaticRegions.mcam","673045","d10006b5582150c1e03bf15f2abd86065d83634c8bc3ed750830b2c7ccdb7b9e"
"coursework/year-1/semester-2/mastercam/Tutorial FIles/Mastercam 2022 Mill 2D Advanced PC Files/Planes.stp","484958","d4a914d39baefdaa7ceae531792bbf11625d7da045913b23e239ade6eef7393d"
"coursework/year-1/semester-2/mastercam/Tutorial FIles/Mastercam 2022 Mill 2D Advanced PC Files/Planes_Exercise.stp","169077","af2c1818a8f76606d8f2a268b41dc3124943394d955c3e1a0c2002a9961d0bed"
"coursework/year-1/semester-2/mastercam/Tutorial FIles/Mastercam 2022 Mill 2D Advanced PC Files/Single  Surface_Machining.mcam","297623","a78be86ee0c04b77cd41ee3e0572d3dac754a3f9b8b2b03e10ad65cafdd25987"
"coursework/year-1/semester-2/mastercam/Tutorial FIles/Mastercam 2022 Mill 2D Advanced PC Files/Solid Model Prep Exercise.mcam","492802","9544e1a73eff53809e307fcb9ab7ed63332fdd78285525a9ffa04e1f5c5a7885"
"coursework/year-1/semester-2/mastercam/Tutorial FIles/Mastercam 2022 Mill 2D Advanced PC Files/Solid Model Prep.mcam","382408","c843e26b7ebe73565601722fd47e4695ac59e2ca0d58b16adb2e835a7b6132ff"
"coursework/year-1/semester-2/mastercam/Tutorial FIles/Mastercam 2022 Mill 2D Advanced PC Files/Toolpath Export.mcam","3288396","e3de74a97780c8cab5d0c0df85515676d9e2c15ed9f1122af0b6c1becdb1e170"
"coursework/year-1/semester-2/mastercam/Tutorial FIles/Mastercam 2022 Mill 2D Advanced PC Files/Toolpath Import.mcam","668136","9c279e30b5ee15b3a8e7f391c197eb59585a5a3251fa622bf1f7b2a534e22014"
"coursework/year-1/semester-2/mastercam/Tutorial FIles/Mastercam 2022 Mill 2D Advanced PC Files/Toolpath Manager.mcam","2910495","b13fe5cdc90bb0980950bf85dd23d8b4181b44834eb34a2a4683b4a3dab21846"
"coursework/year-1/semester-2/mastercam/Tutorial FIles/Mastercam 2022 Mill 2D Advanced PC Files/TOOLPATH NESTING .mcam","766808","addb294e0544a26cc5b48b40a8d87abb9c509c9e326e877626d8c7de58c843e6"
"coursework/year-1/semester-2/mastercam/Tutorial FIles/Mastercam 2022 Mill 2D Advanced PC Files/Vise.mcam","4041179","77b9d2a08ffbe265f72800f866e1e25ce01ba995503d436119b5e5a5b9611cc2"
"coursework/year-1/semester-2/mastercam/Tutorial FIles/Mastercam 2022 Mill 2D Advanced PC Files/WCS_Review.mcam","562133","1bb0d6153b1fcba70f3cd685589ff3c1ffe61e8d62d20cc56b1e25fc402b680d"
"coursework/year-1/semester-2/mastercam/Tutorial FIles/Mastercam 2022 Mill 2D PC Files/2D Part1.DWG","25077","7de9abf5de2db558e68b0b4e2696acecbc5b65f0ab946abce5bb7046c0878a1e"
"coursework/year-1/semester-2/mastercam/Tutorial FIles/Mastercam 2022 Mill 2D PC Files/2D Part2.dwg","26317","0a33dc1967eb63748bb72d00a1ae3ae85bbed935eb8960a5f29745f87b11a363"
"coursework/year-1/semester-2/mastercam/Tutorial FIles/Mastercam 2022 Mill 2D PC Files/2DHST EXERCISE-1.x_t","22814","3fb3ff426b0d2c2769c25c4f50b55067287df6ca6121c9f9387c7085fbf66c13"
"coursework/year-1/semester-2/mastercam/Tutorial FIles/Mastercam 2022 Mill 2D PC Files/2DHST EXERCISE-2.x_t","11943","127e27814127a8bec0fb81394beb32bc58352a0d0ff1422ec53ee6b09df5e237"
"coursework/year-1/semester-2/mastercam/Tutorial FIles/Mastercam 2022 Mill 2D PC Files/2DHST EXERCISE-3.x_t","79601","1d036212a01f4a1c20eb759a0c6b4e342b8a208066185a0324fe39f85b613da6"
"coursework/year-1/semester-2/mastercam/Tutorial FIles/Mastercam 2022 Mill 2D PC Files/2DHST.x_t","62462","f039872f6ac2a1fceb0d9fe6952e5f6972e5d230f410e4902dea0ec018bf73cd"
"coursework/year-1/semester-2/mastercam/Tutorial FIles/Mastercam 2022 Mill 2D PC Files/2DHST_VISE.mcam","4041691","df496085927872df19e1e8e99a3852d06310e614a3a6791be92d8680e08f4ed6"
"coursework/year-1/semester-2/mastercam/Tutorial FIles/Mastercam 2022 Mill 2D PC Files/Advanced Pocket Exercise 1.SLDPRT","485888","6bcc38844e3f737b2aa38f81ad0beb0944d4ecee4ff9ea5fc3d6c3cb442510aa"
"coursework/year-1/semester-2/mastercam/Tutorial FIles/Mastercam 2022 Mill 2D PC Files/Advanced Pocket Exercise 2.SLDPRT","274432","3f617f218755d3155948d08bf2cb750b5fbdf0171263d3bd147420948bdf3542"
"coursework/year-1/semester-2/mastercam/Tutorial FIles/Mastercam 2022 Mill 2D PC Files/Advanced Pocket Exercise 3.SLDPRT","513536","622de23bcc4947f18c0b2c3f83b6283ff1626ca4565c71956bdb21e6bfdaffdd"
"coursework/year-1/semester-2/mastercam/Tutorial FIles/Mastercam 2022 Mill 2D PC Files/Advanced Pocket.mcam","4435581","724f2a7fc78e6fc9e2c6ece8c46c65820c346cedf3ad7188c2f8a2f7489036cf"
"coursework/year-1/semester-2/mastercam/Tutorial FIles/Mastercam 2022 Mill 2D PC Files/Advanced Pocket.SLDPRT","73191","90eb85e0f774810a7f28b47c6b3fa49583738d5d46c2143c3d1a8fe693b4d176"
"coursework/year-1/semester-2/mastercam/Tutorial FIles/Mastercam 2022 Mill 2D PC Files/ANALYZE .mcam","409002","7a2328dfad5a17a60283ef4132d70ad02866130aa7e82e516e2f0334005bd9d7"
"coursework/year-1/semester-2/mastercam/Tutorial FIles/Mastercam 2022 Mill 2D PC Files/ANALYZE CHAIN.mcam","312807","2b0b93a718279d52cc153c27aff146dd9a41d322d6d9bc798613222fc662954e"
"coursework/year-1/semester-2/mastercam/Tutorial FIles/Mastercam 2022 Mill 2D PC Files/ATTRIBUTES.mcam","311905","2f3b3509c6839d8ce0964c6438ea32f6425a47970b9a6c651b619a027d7d493e"
"coursework/year-1/semester-2/mastercam/Tutorial FIles/Mastercam 2022 Mill 2D PC Files/autochaining.mcam","1597472","6261fe6e2ef240423a901ad74086d7bf815c108df27ca4935db8633aff83f516"
"coursework/year-1/semester-2/mastercam/Tutorial FIles/Mastercam 2022 Mill 2D PC Files/Blend_ChamferDrill.mcam","406221","0791ce6048f8fed98887b83e177e07c10ccfbc3e339463d1482e42590549f487"
"coursework/year-1/semester-2/mastercam/Tutorial FIles/Mastercam 2022 Mill 2D PC Files/BREAK.mcam","324179","1f827a4af5f1e4027997cf22739961cfda68046b65a2708ea2d5e916ca0f486f"
"coursework/year-1/semester-2/mastercam/Tutorial FIles/Mastercam 2022 Mill 2D PC Files/CHAINING.mcam","675967","08a926c27536b347f6429efd633ffb65034428b8e13ef7cec4394f1e8b20211e"
"coursework/year-1/semester-2/mastercam/Tutorial FIles/Mastercam 2022 Mill 2D PC Files/Chamfer Drill.mcam","3781442","fe7926dfb843951cd67b516981057f16f39c0bde2d6334ab6671fd18e2fb5a04"
"coursework/year-1/semester-2/mastercam/Tutorial FIles/Mastercam 2022 Mill 2D PC Files/CHAMFER.mcam","324053","f63067d03246530680631882c3ae0c1219e821d11065696346cc305e8360134f"
"coursework/year-1/semester-2/mastercam/Tutorial FIles/Mastercam 2022 Mill 2D PC Files/CREATE_ARC.mcam","343037","edf9853550b28735ecc6eb548d204c3c14ce8123fd203897505009f5f350c01b"
"coursework/year-1/semester-2/mastercam/Tutorial FIles/Mastercam 2022 Mill 2D PC Files/CREATE_ARC_TANGENT.mcam","319192","c83171bbc57ef7ade83e78636e697c98b09e2ea78b33ca2b4c69e429c103c35f"
"coursework/year-1/semester-2/mastercam/Tutorial FIles/Mastercam 2022 Mill 2D PC Files/CREATE_LINE_TANGENT.mcam","328104","037b1c23526ab59896eb602b379b39556f6a986a4b3745a1ddc0df44aee3bc3d"
"coursework/year-1/semester-2/mastercam/Tutorial FIles/Mastercam 2022 Mill 2D PC Files/CREATE_LINES.mcam","346545","29eb0c9ca2ca1e98e78b5f0b458e5da11450f33e2a1a83b194f0af5ab2a69477"
"coursework/year-1/semester-2/mastercam/Tutorial FIles/Mastercam 2022 Mill 2D PC Files/CREATE_POINT_POS.mcam","334510","8c0627ec48b1249e93bf51f1d2a264c09ba69bcfe849153f5c7bc5841a61d5a2"
"coursework/year-1/semester-2/mastercam/Tutorial FIles/Mastercam 2022 Mill 2D PC Files/CREATE_RECTANGLE.mcam","346502","a3c04c4de52d9d9b58a26c7ba6f5023c395935269aeb4e88f59ea8eb9edbd456"
"coursework/year-1/semester-2/mastercam/Tutorial FIles/Mastercam 2022 Mill 2D PC Files/DepthCuts.mcam","1102056","324eb31724a85370901a6acc7232c5623079ab2cea4b2d3a89d68b8c916d57b4"
"coursework/year-1/semester-2/mastercam/Tutorial FIles/Mastercam 2022 Mill 2D PC Files/Exercise1-Import.DWG","46226","8cd1eab45b353604adfaa5dc3421f72ea51bae1fc512a42951fc4d38030bfabb"
"coursework/year-1/semester-2/mastercam/Tutorial FIles/Mastercam 2022 Mill 2D PC Files/Exercise2-Import.DWG","28807","7245db257169669a103ba3023adc2074cca8dab1e60eaae6854acf92a143f3e3"
"coursework/year-1/semester-2/mastercam/Tutorial FIles/Mastercam 2022 Mill 2D PC Files/FBM DRILL EXERCISE-1.x_t","105401","ae493cf542adb23355d2a51333b6b194d65ec3235917a771365802a90b54f04e"
"coursework/year-1/semester-2/mastercam/Tutorial FIles/Mastercam 2022 Mill 2D PC Files/FBM DRILL EXERCISE-2.x_t","103413","d457a818291ecdd686964f3f6abaa45fa876f605a88f5e3763cacc0ab09fc56f"
"coursework/year-1/semester-2/mastercam/Tutorial FIles/Mastercam 2022 Mill 2D PC Files/FBM MILL EXERCISE-2.x_t","11943","127e27814127a8bec0fb81394beb32bc58352a0d0ff1422ec53ee6b09df5e237"
"coursework/year-1/semester-2/mastercam/Tutorial FIles/Mastercam 2022 Mill 2D PC Files/FBM MILL EXERCISE-3.mcam","627911","63bbfcf2570465100ca699de45a1f7acf340748ff2013a5c276ff94d71467677"
"coursework/year-1/semester-2/mastercam/Tutorial FIles/Mastercam 2022 Mill 2D PC Files/FBM MILL.mcam","673307","7bcf5114e36868b4b4496814b1651caef2bf7f17879690a90d23d40d073c9bd1"
"coursework/year-1/semester-2/mastercam/Tutorial FIles/Mastercam 2022 Mill 2D PC Files/FBM-Drill-1.x_t","46732","3cae68198b27bcef33e980f1e1423f8535c76debd042f4a490533453e6680e75"
"coursework/year-1/semester-2/mastercam/Tutorial FIles/Mastercam 2022 Mill 2D PC Files/FILLET.mcam","324403","550b286111b769549f89f78e3de8694d92893bc28feb6c7016ba0691db4af971"
"coursework/year-1/semester-2/mastercam/Tutorial FIles/Mastercam 2022 Mill 2D PC Files/GEOMETRY TOOLS PART1  - LAB 1.mcam","459763","19c715ac8e7972588f109f3360eeea13f9136a269bc87549eedc3b210ab4b745"
"coursework/year-1/semester-2/mastercam/Tutorial FIles/Mastercam 2022 Mill 2D PC Files/GEOMETRY TOOLS PART1 - LAB 2.mcam","453289","80dcf6e885e25b936574cd236aa7a93ab1d1fdafc014763ee888b64edf2dc589"
"coursework/year-1/semester-2/mastercam/Tutorial FIles/Mastercam 2022 Mill 2D PC Files/JOIN.mcam","449985","f273a5fab49de8849c44f032ff1fc38105b345bccba49a9768a3b99bdb52132f"
"coursework/year-1/semester-2/mastercam/Tutorial FIles/Mastercam 2022 Mill 2D PC Files/Leadinout.mcam","739929","7141b8e8bf0e71586f8eab82406e0d1604028dd24fbb41395727736b70a77a4f"
"coursework/year-1/semester-2/mastercam/Tutorial FIles/Mastercam 2022 Mill 2D PC Files/Linking.mcam","660053","67e4a50e6191176e9880a9adb519b81a9f7b65409e6bdcd0a209ad58e22ed90a"
"coursework/year-1/semester-2/mastercam/Tutorial FIles/Mastercam 2022 Mill 2D PC Files/Machine Group demo.mcam","412703","9894d1afb6f7e144f7657c577c150440d3baeb069d73476bdeca5a552f66c98e"
"coursework/year-1/semester-2/mastercam/Tutorial FIles/Mastercam 2022 Mill 2D PC Files/Manual Drill Exercise 1.SLDPRT","1100800","7d0ae4affe4d4271c57eaf087bf50f68fff20b6a26a1657552d0560ac105b6b2"
"coursework/year-1/semester-2/mastercam/Tutorial FIles/Mastercam 2022 Mill 2D PC Files/Manual Drill Exercise 2.SLDPRT","323072","f6fd5ef88938fc6a0f3dca51e76d21bc79a487da1e751317a479ffdc658cab37"
"coursework/year-1/semester-2/mastercam/Tutorial FIles/Mastercam 2022 Mill 2D PC Files/Manual Drill.SLDPRT","149763","964fa6e5c4c70e3c80304569739f6ff1ff5e5b7904a2c2bf967c29a646a794cc"
"coursework/year-1/semester-2/mastercam/Tutorial FIles/Mastercam 2022 Mill 2D PC Files/Manual Drill1.SLDPRT","116908","c553c289e4d4366e4196422f3a246fc8451c29735594db4ab6e91a0601629d3b"
"coursework/year-1/semester-2/mastercam/Tutorial FIles/Mastercam 2022 Mill 2D PC Files/MCAM INTERFACE.mcam","459886","a00ad42be888e9dca5eb39410e701fd630722b5e8f53cfea5b00566484a8cc93"
"coursework/year-1/semester-2/mastercam/Tutorial FIles/Mastercam 2022 Mill 2D PC Files/MIRROR.mcam","388552","3c02d5c8b693ff0c722ff0dd11407ab5a9d2e3982cf3fdedbe094af0a7f9222c"
"coursework/year-1/semester-2/mastercam/Tutorial FIles/Mastercam 2022 Mill 2D PC Files/MpMaster2022/MPMASTER.mcam-control","231364","33ed69975f6e2e8ca1995d265143a2ef6a610a24ed5873920a00d0ab3606cef3"
"coursework/year-1/semester-2/mastercam/Tutorial FIles/Mastercam 2022 Mill 2D PC Files/MpMaster2022/MPMASTER.pst","183008","7d7e642c0d9c6f900739053c3b6ae24778c6a9f40bf5627bb87ce9df1530bdf7"
"coursework/year-1/semester-2/mastercam/Tutorial FIles/Mastercam 2022 Mill 2D PC Files/MpMaster2022/MPMASTER_HORIZONTAL.mcam-mmd","86238","6c498c5200caaca9f6a9c94e73fb16e587acb727aa42e510a39ee2417917a019"
"coursework/year-1/semester-2/mastercam/Tutorial FIles/Mastercam 2022 Mill 2D PC Files/MpMaster2022/MPMASTER_VERTICAL.mcam-mmd","89273","df4df4e3c7b900928f20d2a20035ca3761eee8b637f806d7b1061bc68983dc21"
"coursework/year-1/semester-2/mastercam/Tutorial FIles/Mastercam 2022 Mill 2D PC Files/Multipasses.mcam","882703","bdf38c9457aae66ad5c2f99dd7bbfb0496957f4b5d3e3b7bd3ae828c17dc44e5"
"coursework/year-1/semester-2/mastercam/Tutorial FIles/Mastercam 2022 Mill 2D PC Files/Multipasses1.mcam","989597","507cceda9011980dcac20513fa069501f7abb590ba2d61f2e9b75eb36ad8dbeb"
"coursework/year-1/semester-2/mastercam/Tutorial FIles/Mastercam 2022 Mill 2D PC Files/Multiple-Settings Exercise 1.mcam","728579","a6cd4d7d44bb42fac17a2de79c0c38fbe3c124bc259beceac66e9ea0e4bafaaa"
"coursework/year-1/semester-2/mastercam/Tutorial FIles/Mastercam 2022 Mill 2D PC Files/Multiple-Settings Exercise 2.mcam","644941","11733fb68f0641141fc59d2b5cd574e21227c6f28a4ebc4925fb8e5f5b630ebe"
"coursework/year-1/semester-2/mastercam/Tutorial FIles/Mastercam 2022 Mill 2D PC Files/Multiple-Settings.mcam","577899","7ed0dc9213c516282b54e94c268cc4ca7e3bc1bf0e3a98aca0a6f65cbc256f40"
"coursework/year-1/semester-2/mastercam/Tutorial FIles/Mastercam 2022 Mill 2D PC Files/OFFSET.mcam","573285","649011874495f617c37fbb79ac5335fd93db686fd253715c72f19fc9e4bb618e"
"coursework/year-1/semester-2/mastercam/Tutorial FIles/Mastercam 2022 Mill 2D PC Files/Review_2DHST.mcam","1670288","fcbe6be5264443649e81dcb1d938384de5ee0445d00436379e8bc66ccdd405ed"
"coursework/year-1/semester-2/mastercam/Tutorial FIles/Mastercam 2022 Mill 2D PC Files/ROTATE.mcam","322829","75140da3734e9f403edaf649a4f4211e1925db10a492d9f0b872cde14c2c0225"
"coursework/year-1/semester-2/mastercam/Tutorial FIles/Mastercam 2022 Mill 2D PC Files/Soft_Jaw_Vise.mcam","4055242","280c9101b6f08a03e7d9f56c75451bc1a1668d0eb38780e30616598706ef8dbb"
"coursework/year-1/semester-2/mastercam/Tutorial FIles/Mastercam 2022 Mill 2D PC Files/Solid Revolved Exercise.mcam","457044","1f3ee0a9750a8cd7595a48fe3dcc6b28b6d258537e780955be6b503e5eeb7c89"
"coursework/year-1/semester-2/mastercam/Tutorial FIles/Mastercam 2022 Mill 2D PC Files/Solid Revolved Part.mcam","309494","0dc5530609dbe2063a4665ba8bf8f238ca5f97422badb71773336fac3c33f2a4"
"coursework/year-1/semester-2/mastercam/Tutorial FIles/Mastercam 2022 Mill 2D PC Files/SOLID_CHAMFER.mcam","520880","3d2a5bfbec45ff71a6f9c0577b8287e9bd86aef79c0c2f0735f865683dfa4917"
"coursework/year-1/semester-2/mastercam/Tutorial FIles/Mastercam 2022 Mill 2D PC Files/Solid_Fillet.mcam","671508","9411a22436697dad5437140d151c0d0d48066eba54439c3d4bc61470ce89a4e8"
"coursework/year-1/semester-2/mastercam/Tutorial FIles/Mastercam 2022 Mill 2D PC Files/TRANSLATE.mcam","338634","a32a88c198f4ff980b63be84eabaaa34ddd76fc9db898757b86a2a744c3e1046"
"coursework/year-1/semester-2/mastercam/Tutorial FIles/Mastercam 2022 Mill 2D PC Files/TRIM.mcam","324986","de79f90fe036966d0a78fbd2f450271c60926e3babea70109f33a0e2fa9bfd08"
"coursework/year-1/semester-2/mastercam/Tutorial FIles/Mastercam 2022 Mill 2D PC Files/Vise.mcam","4057073","3efabcf1d7cc8df61bb7c702b49ecdb4367eb448e44f4e3b67c9c21faaac1de0"
"coursework/year-1/semester-2/mastercam/Tutorial FIles/Mastercam 2022 Mill 3D PC Files/3D test.mcam","4227699","b55b4b5a871a3ce173c57e6596a2879f53d9e0b2a1ca09d3aba7ba02c63a7a5f"
"coursework/year-1/semester-2/mastercam/Tutorial FIles/Mastercam 2022 Mill 3D PC Files/CAD import/CHESS PIECE.SLDPRT","3399168","b6c87b35b31788efbc4579e2f7e439171b5c413e5528760c7274a7437acfd135"
"coursework/year-1/semester-2/mastercam/Tutorial FIles/Mastercam 2022 Mill 3D PC Files/CAD import/FUEL TANK.SLDPRT","612360","242cf72e0c705eff4ac25546c2774abaff7778a92087f64edb9a8a657e346759"
"coursework/year-1/semester-2/mastercam/Tutorial FIles/Mastercam 2022 Mill 3D PC Files/CAD import/IMPORT EXERCISE.STP","283197","cc025557522de7d3f2a6aa634cfb509c9e2349364473b006f5ff21d44cab2343"
"coursework/year-1/semester-2/mastercam/Tutorial FIles/Mastercam 2022 Mill 3D PC Files/Geometry training exercises/2 SURFACE BLEND.mcam","391702","528f3de58261065579a92c03fe33e70e073b9a9f634dd513e54ee2ecb6727757"
"coursework/year-1/semester-2/mastercam/Tutorial FIles/Mastercam 2022 Mill 3D PC Files/Geometry training exercises/3 SURFACE BLEND.mcam","393191","939ad8c80371940e7b0dd547481e1460902c261a397f29b5e1fafce7dd3e73e2"
"coursework/year-1/semester-2/mastercam/Tutorial FIles/Mastercam 2022 Mill 3D PC Files/Geometry training exercises/CPLANE ENTITY.mcam","312162","6c5fd1734878a56c4e589ce2b0204d440cbb9a074a9a82745ae821068ce9b673"
"coursework/year-1/semester-2/mastercam/Tutorial FIles/Mastercam 2022 Mill 3D PC Files/Geometry training exercises/CPLANE-NORMAL.mcam","311570","6e95211bd68c03df4f8abee28c619b316462fdf45707d60358df0c7076c3503e"
"coursework/year-1/semester-2/mastercam/Tutorial FIles/Mastercam 2022 Mill 3D PC Files/Geometry training exercises/CUBE.mcam","318979","42db558c5c57a769acdea3740bf9d282bd9792dc267c6bbf7d550babae24bb3d"
"coursework/year-1/semester-2/mastercam/Tutorial FIles/Mastercam 2022 Mill 3D PC Files/Geometry training exercises/CURVES.mcam","361314","6b1df91dffcf325178fa0d45bac4369f412840731651869fdb5d0355c8566acc"
"coursework/year-1/semester-2/mastercam/Tutorial FIles/Mastercam 2022 Mill 3D PC Files/Geometry training exercises/DRAFT_EXTRUDED.mcam","326212","69c528ec866150331fc0bed0032dafe3e189added1aa68a977581ae365ed8ec3"
"coursework/year-1/semester-2/mastercam/Tutorial FIles/Mastercam 2022 Mill 3D PC Files/Geometry training exercises/DYNAMIC PLANE.mcam","324976","bef274d2947f73b96e493d4fcc51f69e6449eb77a19f12595e785c2f38b49710"
"coursework/year-1/semester-2/mastercam/Tutorial FIles/Mastercam 2022 Mill 3D PC Files/Geometry training exercises/Edit Surface.mcam","6623100","89a024a352d998e69bbaf37acb238e80c2a66325a39caf81089bca99dd7170e0"
"coursework/year-1/semester-2/mastercam/Tutorial FIles/Mastercam 2022 Mill 3D PC Files/Geometry training exercises/FENCESURFACE.mcam","329942","c0e5aab0f34e72a0c48b28d6216819c9576a84363f3119462b0e22e6f97d7db8"
"coursework/year-1/semester-2/mastercam/Tutorial FIles/Mastercam 2022 Mill 3D PC Files/Geometry training exercises/FILLET_BLEND.mcam","346592","475c0ee3b82c87c8df6e598d2d5e163a2bc1f70610f64be734862829e32d3d45"
"coursework/year-1/semester-2/mastercam/Tutorial FIles/Mastercam 2022 Mill 3D PC Files/Geometry training exercises/HAIRDRYER.mcam","548133","6d3c89d0fedcaf77dfe377e03e618bc1b697729f7b2bd1ab4931a23ec401ac85"
"coursework/year-1/semester-2/mastercam/Tutorial FIles/Mastercam 2022 Mill 3D PC Files/Geometry training exercises/NETSURF1.mcam","307849","f785e737b41552ef410163aeea54a4afd72842ec9fda34cb644dd0cc710597ee"
"coursework/year-1/semester-2/mastercam/Tutorial FIles/Mastercam 2022 Mill 3D PC Files/Geometry training exercises/NETSURF3.mcam","312243","5707813a229d5a267336e2ae50aab102af55911e4af8993c2a7a369c76062c9b"
"coursework/year-1/semester-2/mastercam/Tutorial FIles/Mastercam 2022 Mill 3D PC Files/Geometry training exercises/NETSURF4.mcam","314503","f3ca71d6e932289f9af1b9fe2df901ac5b1804800821e6d9a18e3581267e2fba"
"coursework/year-1/semester-2/mastercam/Tutorial FIles/Mastercam 2022 Mill 3D PC Files/Geometry training exercises/NETSURF5.mcam","308067","3a4c5843253e9ae40ca51db627b7f0bed41d20b3b3b0a7f2a2a4469791e80cdd"
"coursework/year-1/semester-2/mastercam/Tutorial FIles/Mastercam 2022 Mill 3D PC Files/Geometry training exercises/Power surface _Cylinder Holes.mcam","433191","55a911b4beafab9a640a4272ab912f4fdfe8a53e6ab6f9f812e57738b669b987"
"coursework/year-1/semester-2/mastercam/Tutorial FIles/Mastercam 2022 Mill 3D PC Files/Geometry training exercises/Power Surface_1.mcam","315533","e2f1bd40d2569453910d4c995848989d26101fe01547d576c69dcaccf725d821"
"coursework/year-1/semester-2/mastercam/Tutorial FIles/Mastercam 2022 Mill 3D PC Files/Geometry training exercises/Power Surface_2.mcam","315433","af6d96b943fcbc664a416900958d726fad5d1e261625298ded7d04e4a9d1c2da"
"coursework/year-1/semester-2/mastercam/Tutorial FIles/Mastercam 2022 Mill 3D PC Files/Geometry training exercises/Power Surface_3.mcam","306983","10cb0eef72af4356fbc8de8545473277da812f0b3be6e6fc262f394a4d4976fd"
"coursework/year-1/semester-2/mastercam/Tutorial FIles/Mastercam 2022 Mill 3D PC Files/Geometry training exercises/Power Surface_4.mcam","376638","2e9e5fe520c45446c32372fc873984aef3c4d95b369805e7578a015158362ce3"
"coursework/year-1/semester-2/mastercam/Tutorial FIles/Mastercam 2022 Mill 3D PC Files/Geometry training exercises/Power Surface_5.mcam","325241","76a65ea14441e2bf70ba4232e0409c99ca8de01de52eac45fd622b5af4315da7"
"coursework/year-1/semester-2/mastercam/Tutorial FIles/Mastercam 2022 Mill 3D PC Files/Geometry training exercises/PowerSurface.mcam","488605","f3b277c3cad7e43dc82e800d9df81e5fda6bba8f755e255ec0418f09c694795e"
"coursework/year-1/semester-2/mastercam/Tutorial FIles/Mastercam 2022 Mill 3D PC Files/Geometry training exercises/PRIMITIVES.mcam","319943","e3655a8c281e6e8c41a198280fc282cecea70be6a60e1b4dc5848ade7580fe5d"
"coursework/year-1/semester-2/mastercam/Tutorial FIles/Mastercam 2022 Mill 3D PC Files/Geometry training exercises/RUL2.mcam","625880","af08e309862cb9a6dfe3a76d720a7be41c46de8f4c9623afea1020c12917bd7d"
"coursework/year-1/semester-2/mastercam/Tutorial FIles/Mastercam 2022 Mill 3D PC Files/Geometry training exercises/RULED-SYNC.mcam","328146","bbb057bf62670a801026ce8bde3216020887cb751edfb783eb5253f6d184c447"
"coursework/year-1/semester-2/mastercam/Tutorial FIles/Mastercam 2022 Mill 3D PC Files/Geometry training exercises/Solid Sweep.mcam","544422","1f097acf904dc65135543875f7ccb678626c35cdf5ef04d32a04dc37e7e96256"
"coursework/year-1/semester-2/mastercam/Tutorial FIles/Mastercam 2022 Mill 3D PC Files/Geometry training exercises/SURFACE_FILLET.mcam","352167","02ad5782a5cdfcdff64916b2d50782e0f79bef3b22663fb6031ec01acf082515"
"coursework/year-1/semester-2/mastercam/Tutorial FIles/Mastercam 2022 Mill 3D PC Files/Geometry training exercises/SURFACING_1.mcam","318055","565755b4debc0e0f383a9d3cdd74ffa9db59b91f7aebc2c9dd7cde1c59011304"
"coursework/year-1/semester-2/mastercam/Tutorial FIles/Mastercam 2022 Mill 3D PC Files/Geometry training exercises/SURFACING_11.mcam","336795","28f858997308c8e06cf51f220a253b56560e96378690697d0e03af55baa5ec38"
"coursework/year-1/semester-2/mastercam/Tutorial FIles/Mastercam 2022 Mill 3D PC Files/Geometry training exercises/SURFACING_12.mcam","404967","dccb245d8fca5a4cf8ccc935f57a55785a8fb715ea37a6a7271ccf67df94a3d2"
"coursework/year-1/semester-2/mastercam/Tutorial FIles/Mastercam 2022 Mill 3D PC Files/Geometry training exercises/SURFACING_2.mcam","334043","b0170df0a2c4daf1dd512c6785c7402ffa06b256293ca45b1ee60fbcfeefccc6"
"coursework/year-1/semester-2/mastercam/Tutorial FIles/Mastercam 2022 Mill 3D PC Files/Geometry training exercises/SURFACING_3.mcam","317547","5c3d7339c4ee10ae159f5674913ed36f6463889e6731adf5c08a22128dd42eb0"
"coursework/year-1/semester-2/mastercam/Tutorial FIles/Mastercam 2022 Mill 3D PC Files/Geometry training exercises/SURFACING_4.mcam","379283","642c9c4c80d4f79f5ae81b394b8f88b6495245492f27b872fc69998223e0ba42"
"coursework/year-1/semester-2/mastercam/Tutorial FIles/Mastercam 2022 Mill 3D PC Files/Geometry training exercises/SURFACING_5.mcam","340451","04aa50cfc365bef5544d4c6ef6ec731545a00d0489d143c9aca73c2ac9bae2af"
"coursework/year-1/semester-2/mastercam/Tutorial FIles/Mastercam 2022 Mill 3D PC Files/Geometry training exercises/SURFACING_6.mcam","302673","5493f4ee45f5c6d66132600a5cc812d115236ad57fac59c623710dc2abce13a3"
"coursework/year-1/semester-2/mastercam/Tutorial FIles/Mastercam 2022 Mill 3D PC Files/Geometry training exercises/SURFACING_7.mcam","733396","7527299feb6af5d851bcd104cea5d5ccdeeeaad90b077a3a23be489effd80dcb"
"coursework/year-1/semester-2/mastercam/Tutorial FIles/Mastercam 2022 Mill 3D PC Files/Geometry training exercises/SURFACING_8.mcam","590808","1d2e8f4bc80bfb908f33a08222c4b18c48b11f407fd1ddc1f4c230b4fc7b7f84"
"coursework/year-1/semester-2/mastercam/Tutorial FIles/Mastercam 2022 Mill 3D PC Files/Geometry training exercises/SURFACING_9.mcam","368448","6cdd7e7468270953fb2e42ac4b540d12f9ec4cb6697f8929d69e72c9c62a331f"
"coursework/year-1/semester-2/mastercam/Tutorial FIles/Mastercam 2022 Mill 3D PC Files/Geometry training exercises/SWEEP1.mcam","540010","d46747ae4860c73ea882b46ecce173787d527faf26e9b6191530771e10b6aee5"
"coursework/year-1/semester-2/mastercam/Tutorial FIles/Mastercam 2022 Mill 3D PC Files/Geometry training exercises/SWEEP2.mcam","579645","72f1879fbf5a33774ff122d3d6d6e431f21fa770d33d2269248021d380877ffd"
"coursework/year-1/semester-2/mastercam/Tutorial FIles/Mastercam 2022 Mill 3D PC Files/Geometry training exercises/SWEEP3.mcam","457992","03e4b89d0bfba8d49d19981059cd6932ad4bafb1c3638ea32639f767f247fbf1"
"coursework/year-1/semester-2/mastercam/Tutorial FIles/Mastercam 2022 Mill 3D PC Files/Geometry training exercises/SWEEP4.mcam","502022","2e6a84847b9fa61378ee9cee6a9310fcda31ba029d25984671643b59bb53f16c"
"coursework/year-1/semester-2/mastercam/Tutorial FIles/Mastercam 2022 Mill 3D PC Files/Geometry training exercises/TEA POT.mcam","651039","dfbe55f5cf5d80de73d4ea9d84906d402722f9505489b60d9e8c892bfc9caf28"
"coursework/year-1/semester-2/mastercam/Tutorial FIles/Mastercam 2022 Mill 3D PC Files/Geometry training exercises/TRIM SURF TO SURF.mcam","463486","f01d4f743dfb8931adb9ec65768389f9095c24a9d17b920f83a543bb4644af29"
"coursework/year-1/semester-2/mastercam/Tutorial FIles/Mastercam 2022 Mill 3D PC Files/Geometry training exercises/TRIM TO CURVES.mcam","364202","7f8c27afb6d55dbb7ea2e28502a5cd1e265694d2ff687ce796cf1cc377226783"
"coursework/year-1/semester-2/mastercam/Tutorial FIles/Mastercam 2022 Mill 3D PC Files/Toolpath training exercises/Equal Scallop with Curves.mcam","412063","24148fc882267cc2249e5f76ae7c9937c074ab2c94a7362fdd79826a952ab585"
"coursework/year-1/semester-2/mastercam/Tutorial FIles/Mastercam 2022 Mill 3D PC Files/Toolpath training exercises/FUEL TANK.SLDPRT","612360","242cf72e0c705eff4ac25546c2774abaff7778a92087f64edb9a8a657e346759"
"coursework/year-1/semester-2/mastercam/Tutorial FIles/Mastercam 2022 Mill 3D PC Files/Toolpath training exercises/HS AREA_REST MATERIAL_HYBRID.mcam","550421","cbcc66d1b82c918c92dfdfd369473f495cf2492929cd33c090313b8dd080fcc0"
"coursework/year-1/semester-2/mastercam/Tutorial FIles/Mastercam 2022 Mill 3D PC Files/Toolpath training exercises/HST DYNAMIC OPTIROUGH AND REST MATERIAL.mcam","550445","24e9eb5ae49bde484d048db0d9653e5d12f523828f11b089de782cae3b3c9e37"
"coursework/year-1/semester-2/mastercam/Tutorial FIles/Mastercam 2022 Mill 3D PC Files/Toolpath training exercises/HST DYNAMIC OPTIROUGH AND WATERLINE.mcam","1037478","e0dbbee274779f6559408735bccbf2e4c54104845c853dadcfa87b383ed6e781"
"coursework/year-1/semester-2/mastercam/Tutorial FIles/Mastercam 2022 Mill 3D PC Files/Toolpath training exercises/HST_SPIRAL.mcam","609879","0c2f2133366972f2350b960af23b0cddc3ba512190b12091e2a042e6510356fd"
"coursework/year-1/semester-2/mastercam/Tutorial FIles/Mastercam 2022 Mill 3D PC Files/Toolpath training exercises/HST-DYNAMIC OPTIROUGH_HORIZONTAL.mcam","471133","67ce9ca22002296cdccb7e286d14025d9c7ef0e44b8446808857bb395b6f2b6d"
"coursework/year-1/semester-2/mastercam/Tutorial FIles/Mastercam 2022 Mill 3D PC Files/Toolpath training exercises/INDEXING_ OPTIROUOGH REST MATERIAL.mcam","808901","c2757e684a8328ba7d0c95888d1cdffd4d3ffc4025e01befef4f2afa519af035"
"coursework/year-1/semester-2/mastercam/Tutorial FIles/Mastercam 2022 Mill 3D PC Files/Toolpath training exercises/ROUGH POCKET V HS AREA ROUGHING.mcam","477614","b5270213496e18843f1ece13881f27213354916bc5deedcd37b767a722f6f0a1"
"coursework/year-1/semester-2/mastercam/Tutorial FIles/Mastercam 2022 Mill 3D PC Files/Toolpath training exercises/ROUGH POCKET_ FINISH FLOWLINE.mcam","521273","d5646725c5fac497c937574a50b684cb1a1583f3bf1fdae42ae46617e550cbea"
"coursework/year-1/semester-2/mastercam/Tutorial FIles/Mastercam 2022 Mill 3D PC Files/Toolpath training exercises/SURFACE HS SCALLOP HORIZONTAL & LEFTOVER.mcam","1676295","45b622c3e670993353f5d3a24ff312e67c013037abcb85c9d61fdaad291fb6ad"
"coursework/year-1/semester-2/mastercam/Tutorial FIles/Mastercam 2022 Mill 3D PC Files/Toolpath training exercises/SURFACE PLUNGE RASTER AND PENCIL .mcam","510244","51169317ffbf300826a3e8e9e53797ac85df1ed7cbb76e067ad1d233a85385fd"
"coursework/year-1/semester-2/mastercam/Tutorial FIles/Mastercam 2022 Mill 3D PC Files/Toolpath training exercises/Waterline critical depths.mcam","1852373","425e60cdbdbed14a77d0ae71158bdc25ff128aab3ee9733cefb018ceaaac3aaf"
"coursework/year-1/semester-2/mastercam/Tutorial FIles/Mastercam 2022 Mill Advanced TT Files/Chuck.mcam","1117184","ffd6d5554da23d481380e4ceee92faee8fb8a1ef41a30b04dc2bf62fb82eff01"
"coursework/year-1/semester-2/mastercam/Tutorial FIles/Mastercam 2022 Mill Advanced TT Files/Tutorial 1 Exercise_Vise.mcam","4047690","9afc32063ea38e531f604e19b8c446b5958930ae5d08c398dd92bdf7cd88094e"
"coursework/year-1/semester-2/mastercam/Tutorial FIles/Mastercam 2022 Mill Advanced TT Files/TUTORIAL 1 WIREFRAME.mcam","4047992","3f60683760912d8a84ae43f67f0f08ee69bd3f2d792323a8563339674ac277c4"
"coursework/year-1/semester-2/mastercam/Tutorial FIles/Mastercam 2022 Mill Advanced TT Files/TUTORIAL 1 WIREFRAME_ EXCERCISE.mcam","4044421","dc3a7f008ba2b72f00974a198d8dbb1fe5e3fbb0d2b4e348c92fa5cdeb946cde"
"coursework/year-1/semester-2/mastercam/Tutorial FIles/Mastercam 2022 Mill Advanced TT Files/Tutorial 1_Vise.mcam","4041247","4eda1b73d33f828b107f8218cb317742c57a1980f8d056dce98256c73f4304d7"
"coursework/year-1/semester-2/mastercam/Tutorial FIles/Mastercam 2022 Mill Advanced TT Files/TUTORIAL 2 WIREFRAME.mcam","1129691","05ddab2fee3f202c215f93940ffff726aaa6db2f9ca5b61ab2fbe701cc4e84d7"
"coursework/year-1/semester-2/mastercam/Tutorial FIles/Mastercam 2022 Mill Advanced TT Files/TUTORIAL 2 WIREFRAME_ EXCERCISE.mcam","975829","91a59494da4f6f5e7372cad686f97dae42d123741e0459d15cfbd8bec8cfbf40"
"coursework/year-1/semester-2/mastercam/Tutorial FIles/Mastercam 2022 Mill Advanced TT Files/Tutorial 3 Geometry.mcam","987679","9fb1a9df714d2b43ebd1d4c1a7cdf060427c30dad7f3054d203ddadd5aced950"
"coursework/year-1/semester-2/mastercam/Tutorial FIles/Mastercam 2022 Mill Advanced TT Files/Tutorial 3_Exercise.mcam","1035700","434d9fbb75273832747cb70a21e084edd1b222a1f0dc58bf61cd86ed335aa74c"
"coursework/year-1/semester-2/mastercam/Tutorial FIles/Mastercam 2022 Mill Advanced TT Files/TUTORIAL 5 WIREFRAME.mcam","307850","5332229b6ef12939b4521bdcdacd2a72e184e59366381c37f0d4087b3ebeb5e6"
"coursework/year-1/semester-2/mastercam/Tutorial FIles/Mastercam 2022 Mill Advanced TT Files/TUTORIAL 6 WIREFRAME.mcam","414335","988a802a1f649b4e15a96e41959db5d2a87ddf2d235c1e6645b3f73e42707839"
"coursework/year-1/semester-2/mastercam/Tutorial FIles/Mastercam 2022 Mill Advanced TT Files/TUTORIAL 6 WIREFRAME_ EXCERCISE.mcam","414302","3640016ea992e831c21aa4e3a0a589878ccb869b9ecaddabedab434417db5eb3"
"coursework/year-1/semester-2/mastercam/Tutorial FIles/Mastercam 2022 Mill Advanced TT Files/Vise.mcam","4041247","319fca0f58c8e8099f23817db7217e50233f8d68bbba1e5a22c358b4e48bf5b5"
"coursework/year-1/semester-2/mastercam/Tutorial FIles/Mastercam 2022 Mill Advanced TT Files/Your Name_5.mcam","590008","b5868196b8e8c6524b167619dc91193249e5458f67612d0a1149b4ae0ad7099b"
"coursework/year-1/semester-2/mastercam/Tutorial FIles/Mastercam 2022 Mill Advanced TT Files/YOUR NAME_5A.mcam","642192","73a87c4210a52a88d9b5332117e8579a5433884ac8955e466e14561fc92670d2"
"coursework/year-1/semester-2/mastercam/Tutorial FIles/Mastercam 2022 Mill Advanced TT Files/YOUR NAME_5B.mcam","1029379","85a564d60e8474040aee253cd4b92f16be25912983c32db8f0ad46eb5ec6e21e"
"coursework/year-1/semester-2/mastercam/Tutorial FIles/Mastercam 2022 Mill Essentials TT Files/Tutorial #4 Exercise.SLDPRT","193660","bdcf895066b90b83bf8872744253df5f3fa6861074ee384e066cd80c49b03866"
"coursework/year-1/semester-2/mastercam/Tutorial FIles/Mastercam 2022 Mill Essentials TT Files/Tutorial #4.SLDPRT","128537","900988f9b5adb561ef51c0785db2d23a8da29f748a5e038ddfecb09be3ff5fca"
"coursework/year-1/semester-2/mastercam/Tutorial FIles/Mastercam 2022 Mill Essentials TT Files/Tutorial #5 Wireframe Exercise.mcam","301003","87eb25bfe9c6614eaaac329513c51543b34b5fe4b1995de75827dff27409a05e"
"coursework/year-1/semester-2/mastercam/Tutorial FIles/Mastercam 2022 Mill Essentials TT Files/Tutorial #5 Wireframe.mcam","302379","e1bb32e98ee45933906b8c832c7d789eaa97ed4d61f7d0d250c358922e9b8ca8"
"coursework/year-1/semester-2/mastercam/Tutorial FIles/Mastercam 2022 Mill Essentials TT Files/Vise.mcam","4041296","7a2ede4fe96f91bf5464ae67a8a9da36a51cace03e0a375a04f8184f48fd6947"
"coursework/year-1/semester-2/mastercam/Tutorial FIles/Mastercam 2022 Mill Essentials TT Files/Your Name_2.mcam","346413","dfc53569b7c15bcf781bdc789f0c14314663b8f8b93c008b04300e92730ccae2"
"coursework/year-1/semester-2/mastercam/Tutorial FIles/Mastercam 2022 Multiaxis Essentials TT Files/TUTORIAL 10.mcam","504058","729e8732ced679858cf40fddd58f956e523b5ad5129d5a62cf2a71b53bf73c21"
"coursework/year-1/semester-2/mastercam/Tutorial FIles/Mastercam 2022 Multiaxis Essentials TT Files/TUTORIAL 2 .mcam","347126","a5db55ece11bb3df14ad5b652ad1f93c4c84ce21bb292d8b21cec6febf49524c"
"coursework/year-1/semester-2/mastercam/Tutorial FIles/Mastercam 2022 Multiaxis Essentials TT Files/TUTORIAL 3.mcam","813964","1d8fdedb51af8a1d241b845fc80abdb5718fb4e961f7d3f0e442e6cd6eff2717"
"coursework/year-1/semester-2/mastercam/Tutorial FIles/Mastercam 2022 Multiaxis Essentials TT Files/TUTORIAL 4.mcam","372666","187a6a8a7be30757aa62751aa50a3a5d278cc86b376b9607382a8156b4bbf69e"
"coursework/year-1/semester-2/mastercam/Tutorial FIles/Mastercam 2022 Multiaxis Essentials TT Files/TUTORIAL 5.mcam","1060725","16ed3a66e4375b5556572c983248dbffe358de44b03f4c476ebad7d7167648b1"
"coursework/year-1/semester-2/mastercam/Tutorial FIles/Mastercam 2022 Multiaxis Essentials TT Files/TUTORIAL 6.mcam","4965263","4f5eeed8512ebc6a71b5f45d3d67cd1bd175228457ee02b02254ecb94e0de961"
"coursework/year-1/semester-2/mastercam/Tutorial FIles/Mastercam 2022 Multiaxis Essentials TT Files/TUTORIAL 7.mcam","4315914","5d8a59956841c9f9bcb52b920e78b3fe9d1d50917d3b7b0317d5669e34643178"
"coursework/year-1/semester-2/mastercam/Tutorial FIles/Mastercam 2022 Multiaxis Essentials TT Files/TUTORIAL 8.mcam","2304786","8b7c43f0222049d99c764368331799874486b5c9c98da175ac453364a97afa79"
"coursework/year-1/semester-2/mastercam/Tutorial FIles/Mastercam 2022 Multiaxis Essentials TT Files/TUTORIAL 9.mcam","494291","e9ad5a81cd78e68dc32551ba2a17541364518d8e22d6e88e837ae3166786218c"
"coursework/year-1/semester-2/mastercam/Tutorial FIles/Mastercam 2022 Multiaxis Essentials TT Files/TUTORIAL1_CONICALHELIX.mcam","300178","8d1f19273ff9d23fc7de5365fd6fd47c6b1de56aa12b868c0d8f95a8fa9933f9"
"coursework/year-1/semester-2/mastercam/Tutorial FIles/Mastercam 2022 Multiaxis Essentials TT Files/TUTORIAL1_CYLINDRICALHELIX.mcam","301362","21f3668ee6c181154dc65712d202f9365e38f234e07a03053dcf7215fa73f0fd"
"coursework/year-1/semester-2/mastercam/Tutorial FIles/Mastercam 2022 Multiaxis PC Files/3 TO 5 AXIS USING HOLDER OPTION.mcam","458429","9df74ba5660c7985cf64a6c7e43084b340fb4dda2f87ae974a44497997c3deb0"
"coursework/year-1/semester-2/mastercam/Tutorial FIles/Mastercam 2022 Multiaxis PC Files/4 - AXIS ROTARY TOOLPATH - AXIAL DAMPENING.mcam","459523","41973878928da111bd85a93edf1e9628d48b32c9b8f62aad40246a1c42ddd99a"
"coursework/year-1/semester-2/mastercam/Tutorial FIles/Mastercam 2022 Multiaxis PC Files/4 - AXIS ROTARY TOOLPATH.mcam","638447","8d2c7650ddee208fbf0a05be50f927f64f2db256be980390fc8c2ae36de5c9d5"
"coursework/year-1/semester-2/mastercam/Tutorial FIles/Mastercam 2022 Multiaxis PC Files/4AXIS INDEX_A AXIS.mcam","506052","789e0682228995f4ca373583a643c45d52685b7aa89368fad7e095f210144bd3"
"coursework/year-1/semester-2/mastercam/Tutorial FIles/Mastercam 2022 Multiaxis PC Files/4-Axis Pocket.mcam","664116","b0deab53d6ad759f83bf29a7adedbfd85f51f437c4cdfe672dd0e78eaf9296d8"
"coursework/year-1/semester-2/mastercam/Tutorial FIles/Mastercam 2022 Multiaxis PC Files/5 AXIS REVIEW.SLDPRT","453961","c378c5c2a7b24bb39fbd2578e135151637c7464cdc68280058d683194e2154da"
"coursework/year-1/semester-2/mastercam/Tutorial FIles/Mastercam 2022 Multiaxis PC Files/5AX_ENGRAVING.mcam","639562","42ab1046e47bfdb9d766f519b7551fa5579d81c35d3c50fb5397a548e14ebd66"
"coursework/year-1/semester-2/mastercam/Tutorial FIles/Mastercam 2022 Multiaxis PC Files/Accelerated Finish_Barrel Mill.mcam","405453","baaf509b6f0e8f96a82ab9f9aaf727c520d910eff250b2a859f8e8ca3a03d89a"
"coursework/year-1/semester-2/mastercam/Tutorial FIles/Mastercam 2022 Multiaxis PC Files/AREA SETTINGS.mcam","460319","c74d090077ed62e490acccf911e142c906f47cbdabddfd7f758bb54ed98c19b7"
"coursework/year-1/semester-2/mastercam/Tutorial FIles/Mastercam 2022 Multiaxis PC Files/AXIS SUBSTITUTION - CREATING A CONICAL HELIX DRAWING.mcam","794338","ce74b4ac8237758fae98762cefb698d6edcbced494ab55d3d162173b86fbfd26"
"coursework/year-1/semester-2/mastercam/Tutorial FIles/Mastercam 2022 Multiaxis PC Files/AXIS SUBSTITUTION - CREATING A CONICAL HELIX.mcam","748654","14045d97594d608633454d52a8b2b31e3484b95ecad632ff8b16844b7c2edf5e"
"coursework/year-1/semester-2/mastercam/Tutorial FIles/Mastercam 2022 Multiaxis PC Files/AXIS SUBSTITUTION - CREATING A CYLINDRICAL HELIX DRAWING.mcam","770916","7e7c7c99d4b20be1c59a3eacc3389c16333948072f12122a0d17d6f151a3189d"
"coursework/year-1/semester-2/mastercam/Tutorial FIles/Mastercam 2022 Multiaxis PC Files/AXIS SUBSTITUTION - CREATING A CYLINDRICAL HELIX.mcam","440141","7443847946963dfb11a7d60d6e8bfff11a39afd679c5fcc9117b2a0a576471ee"
"coursework/year-1/semester-2/mastercam/Tutorial FIles/Mastercam 2022 Multiaxis PC Files/AXIS SUBSTITUTION - ROLL THE GEOMETRY.mcam","463442","4808540fba8d397c49a628458b2709d1b144c9499f4f323cad471f970da296ef"
"coursework/year-1/semester-2/mastercam/Tutorial FIles/Mastercam 2022 Multiaxis PC Files/AXIS SUBSTITUTION - ROTARY AXIS POSITIONING & TRANSFORM.mcam","502448","f7cb5f52883c1b3f2daea987bd94d71a495cd32f24a6841d3df9be674be14c7d"
"coursework/year-1/semester-2/mastercam/Tutorial FIles/Mastercam 2022 Multiaxis PC Files/AXIS SUBSTITUTION - UNROLL THE GEOMETRY.mcam","459035","91902b3741a4590c4efd01f5cedbb85d7f3f8dc0df80cd8c3aab06a4d7cb136c"
"coursework/year-1/semester-2/mastercam/Tutorial FIles/Mastercam 2022 Multiaxis PC Files/BARRELCAM DRAWING.mcam","526935","138a22d5f00304d9c08246879a762f0e215804b0d4dd78a2d49d36c161c44af7"
"coursework/year-1/semester-2/mastercam/Tutorial FIles/Mastercam 2022 Multiaxis PC Files/BARRELCAM.mcam","464654","58c4bbcd4152030f7171a185a5a759868e34a8b77a9720fbf5b24b2d99d1be47"
"coursework/year-1/semester-2/mastercam/Tutorial FIles/Mastercam 2022 Multiaxis PC Files/CAMSHAFT- Rotary advanced.mcam","551107","4f63e55b1694f279ceca563067df88193e6db7ca024a7d97fc1ccb87c3f57a73"
"coursework/year-1/semester-2/mastercam/Tutorial FIles/Mastercam 2022 Multiaxis PC Files/CAMSHAFT.mcam","623694","f6cc5205ae2b87d727a8e598c9d80dec8e2af8df0629360ec1d62d5c9cdd2cee"
"coursework/year-1/semester-2/mastercam/Tutorial FIles/Mastercam 2022 Multiaxis PC Files/CURVE 5 AXIS CURVE TYPE 3D CURVES.mcam","462294","9fb45b1a82fb1945cf8ebcee470761d778710122dfdb060ebb651ed95c443eb2"
"coursework/year-1/semester-2/mastercam/Tutorial FIles/Mastercam 2022 Multiaxis PC Files/CURVE 5 AXIS OUTPUT FORMAT.mcam","492858","92b9a08dea85b6f52e481c8bda0989f4669e0dc4a1767df82f8c23a227fbb974"
"coursework/year-1/semester-2/mastercam/Tutorial FIles/Mastercam 2022 Multiaxis PC Files/CURVE 5 AXIS PROJECTION NORMAL TO SURFACE.mcam","465945","e1b12ed58c843e1126a9e69e80e1e3d881d99f296b1da56f32e6ae532c0342ac"
"coursework/year-1/semester-2/mastercam/Tutorial FIles/Mastercam 2022 Multiaxis PC Files/CURVE 5 AXIS REVIEW FILE.mcam","3045637","6dd9b79e983723a5cef2ee849722caee1ea1208b8b03cee335200653b493a14a"
"coursework/year-1/semester-2/mastercam/Tutorial FIles/Mastercam 2022 Multiaxis PC Files/CURVE 5 AXIS TIP CONTROL.mcam","463040","7d2853588986994861e26d2b6aba0531de5b0268e0ee0b93fc9fad771bfb3924"
"coursework/year-1/semester-2/mastercam/Tutorial FIles/Mastercam 2022 Multiaxis PC Files/CURVE 5 AXIS TOOL AXIS CONTROL CHAIN.mcam","481524","a29040327e876752157e73ae26632c745154426a5eb1333150ed2f74d4803354"
"coursework/year-1/semester-2/mastercam/Tutorial FIles/Mastercam 2022 Multiaxis PC Files/CURVE 5 AXIS TOOL AXIS CONTROL FROM POINT.mcam","465126","2a539dd1969ccb9b51b71ea83af2c368458d080b48df0235e23c0f391702cae3"
"coursework/year-1/semester-2/mastercam/Tutorial FIles/Mastercam 2022 Multiaxis PC Files/CURVE 5 AXIS TOOL AXIS CONTROL LINES.mcam","479618","b5f862ad8fdc8537accb7cd88f2590096f57cfc052fc9b2d0c2653941a0ea461"
"coursework/year-1/semester-2/mastercam/Tutorial FIles/Mastercam 2022 Multiaxis PC Files/CURVE 5 AXIS TOOL AXIS CONTROL PLANE.mcam","6087791","14a372c5653cff924e159f56f73222b9290f93b30c5da78b06885d5ac02ad8a5"
"coursework/year-1/semester-2/mastercam/Tutorial FIles/Mastercam 2022 Multiaxis PC Files/CURVE 5 AXIS TOOL AXIS CONTROL TO POINT.mcam","516399","211c10d01d601293359f3aeca9f1017789edba3136544833f7ab0c11b259b70e"
"coursework/year-1/semester-2/mastercam/Tutorial FIles/Mastercam 2022 Multiaxis PC Files/CURVE TYPE SURFACE EDGE ALL.mcam","518357","71711ccb7efcbaa4f225ffa227930e63b321ccbf6326342bdb7831188621ee52"
"coursework/year-1/semester-2/mastercam/Tutorial FIles/Mastercam 2022 Multiaxis PC Files/CURVE TYPE SURFACE EDGE ONE.mcam","571194","647afeafdc0e4736e24efeb5b2e61b217bae78cc3a5c788c15bca33b7dd83d6d"
"coursework/year-1/semester-2/mastercam/Tutorial FIles/Mastercam 2022 Multiaxis PC Files/CUT PATTERN 1- COLLISION CONTROL.mcam","490460","759ddbf4ea6a67b8b56e08e34a03442bb8270e82e63f45b2fb76f9cc8ceb17a8"
"coursework/year-1/semester-2/mastercam/Tutorial FIles/Mastercam 2022 Multiaxis PC Files/CUT PATTERN 1.mcam","484345","b3f9398cc4ddf234eedf983428593c194946ad9c9667db5b610dd2e20bdfbd3c"
"coursework/year-1/semester-2/mastercam/Tutorial FIles/Mastercam 2022 Multiaxis PC Files/Deburr.mcam","523785","eb1c9d2ee6d97640cb831b58689f8a8e0cd7db007f99ce49b5899a2004bef1bf"
"coursework/year-1/semester-2/mastercam/Tutorial FIles/Mastercam 2022 Multiaxis PC Files/DRILL 5 AXIS HOLE AXIS.mcam","589056","533030e8588e6109782d96dbb1419ecb066e983dced5488ede1909d6ffd30f54"
"coursework/year-1/semester-2/mastercam/Tutorial FIles/Mastercam 2022 Multiaxis PC Files/DRILL ENTITY  POINTS.mcam","611451","d6682e13408fbbe9ee6aa35e33f0a4c851f92e2401f8b4c48730a0271cfa6704"
"coursework/year-1/semester-2/mastercam/Tutorial FIles/Mastercam 2022 Multiaxis PC Files/DRILL LINES _HOLES.mcam","12856351","00c2d20641df7a77ffb652c42dc5394a245d67cb553c9953b58fc70898fb4d0f"
"coursework/year-1/semester-2/mastercam/Tutorial FIles/Mastercam 2022 Multiaxis PC Files/DRILL TOOL AXIS CONTROL PLANE.mcam","534970","17e24f267ac4e35bb3a632961f8d9c3370b51249a019bc9ad6cafe84a9aa1d24"
"coursework/year-1/semester-2/mastercam/Tutorial FIles/Mastercam 2022 Multiaxis PC Files/Emuge-circle-segment_inch.tooldb","2492416","69b58896acd96072b66eb0ceebc67a1f33ff2b953987f912e9e6fd2aa861214a"
"coursework/year-1/semester-2/mastercam/Tutorial FIles/Mastercam 2022 Multiaxis PC Files/FLOW 5X-AXIS LIMITS.mcam","742169","1e53260d01ee4a48fc6eb29aa8086c170f437f4636de325885258bdcf7385502"
"coursework/year-1/semester-2/mastercam/Tutorial FIles/Mastercam 2022 Multiaxis PC Files/GOUGE CHECK.mcam","504712","bdac96b189549a5533261dc125b32e9569e9113894b403ba71a8318d270f1e4b"
"coursework/year-1/semester-2/mastercam/Tutorial FIles/Mastercam 2022 Multiaxis PC Files/IMPELLER WITH TILTED CURVE.mcam","2018585","5665c6ce0c3ad683923f8243fa095668eac94c8d1f27ab4cf3802dd9a812c851"
"coursework/year-1/semester-2/mastercam/Tutorial FIles/Mastercam 2022 Multiaxis PC Files/IMPELLER WITHOUT TILT CURVE.mcam","2099986","80ac7d8c477bcc7a9aead9f642532cac22a89ae9771fd08243ea090523343434"
"coursework/year-1/semester-2/mastercam/Tutorial FIles/Mastercam 2022 Multiaxis PC Files/MOLD BOTTLE.mcam","8457667","f8001af26080c88a068584265ca43d7c4800db008009390ffe896eaf12c0cd98"
"coursework/year-1/semester-2/mastercam/Tutorial FIles/Mastercam 2022 Multiaxis PC Files/MOLD BOTTLE.stl","2079834","91fca57ddf6b881a7423ce76fd73badf7c57c7a478b41187329209d3e3190be2"
"coursework/year-1/semester-2/mastercam/Tutorial FIles/Mastercam 2022 Multiaxis PC Files/MSURF CUT PATTERN SURFACE.mcam","506901","4822249605285bd7ba7178ca170b9b4adb3282fdac128fce82d5bf39961fd9ab"
"coursework/year-1/semester-2/mastercam/Tutorial FIles/Mastercam 2022 Multiaxis PC Files/MULTIAXIS ROUGHING FALSE FLOOR.mcam","753920","f3ab5164095f64fd1ace08d177087d9b4e82d928fbb2dbc4aed6858fd7fd540f"
"coursework/year-1/semester-2/mastercam/Tutorial FIles/Mastercam 2022 Multiaxis PC Files/PORT 5 AXIS.mcam","344917","af0df3de3babc2961668fb45d7deed36b50a3a83219d2318a4529584bc0cd89d"
"coursework/year-1/semester-2/mastercam/Tutorial FIles/Mastercam 2022 Multiaxis PC Files/PROPELLER.mcam","986407","6f5b94e065a9e1c8403e6557d3fce95adf35356ae1979709ed4bd37fa233ec2d"
"coursework/year-1/semester-2/mastercam/Tutorial FIles/Mastercam 2022 Multiaxis PC Files/ROTARY ADVANCED.mcam","1267309","1617e1fc6b54d7ead25023e71af010713f02b3251c45557b2bc86c829ef7774a"
"coursework/year-1/semester-2/mastercam/Tutorial FIles/Mastercam 2022 Multiaxis PC Files/SORTING AND LINKING.mcam","454348","7c95764afd62f927f2feb2d52e63ca79898d8a712cf7404ce7a01ad91873840a"
"coursework/year-1/semester-2/mastercam/Tutorial FIles/Mastercam 2022 Multiaxis PC Files/SWARF 5 AXIS WALLS CHAIN.mcam","653928","d1a04d80332e8ad41397498867ba8f8ca77f249f53754706cc379b4527dfba2f"
"coursework/year-1/semester-2/mastercam/Tutorial FIles/Mastercam 2022 Multiaxis PC Files/SWARF MILLING.mcam","536057","cb72a0837e15f5aac7882a446e9404165239fe2a229f1d1c9142510d8b54d3ca"
"coursework/year-1/semester-2/mastercam/Tutorial FIles/Mastercam 2022 Multiaxis PC Files/SWARF OUTPUT FORMAT 4 AXIS.mcam","528903","230571da515a09012b7fc3e6f22f9436b8701451ad18b94ee504aa0a2d7629b0"
"coursework/year-1/semester-2/mastercam/Tutorial FIles/Mastercam 2022 Multiaxis PC Files/SWARF OUTPUT FORMAT 5AXIS.mcam","631353","0af12839fdb0636d14bc989af472e012a3e9090b875d4c65d10680dd89b8ac8c"
"coursework/year-1/semester-2/mastercam/Tutorial FIles/Mastercam 2022 Multiaxis PC Files/SWARF TIP CONTROL LOWER RAIL.mcam","1128157","76181e2ccd4393a95920049e6fc8d000ea5b8aafcd8a0f65da281ed91134f601"
"coursework/year-1/semester-2/mastercam/Tutorial FIles/Mastercam 2022 Multiaxis PC Files/SWARF1.mcam","524106","6b07de816d9e88f90ff7bd291a0357ee77fe71157b8188aaa4707d475802e401"
"coursework/year-1/semester-2/mastercam/Tutorial FIles/Mastercam 2022 Multiaxis PC Files/TOMBSTONE.mcam","564131","7f95e21ddaddd08e1f171773c62701e85b8feb0da909a68dd7a3f8de45a9dd1d"
"coursework/year-1/semester-2/mastercam/Tutorial FIles/Mastercam 2022 Multiaxis PC Files/TOOL AXIS CONTROL SIDE TILT.mcam","452414","817c58e220217244de8f72e17423690ece4747e04f1dedc30a98760f544389fd"
"coursework/year-1/semester-2/mastercam/Tutorial FIles/Mastercam 2022 Multiaxis PC Files/TOOL AXIS CONTROL_ LINES.mcam","472759","1a343a22e5ef792deb09666012bed98de6b8ed285d3713891b315000a86816df"
"coursework/year-1/semester-2/mastercam/Tutorial FIles/Mastercam 2022 Multiaxis PC Files/TURBINE BLADE.mcam","736677","ff1af42353f66861a4342ddc6e0187d987fdcd7d86f156f1d477138d11554c9e"
"coursework/year-1/semester-2/mastercam/Tutorial FIles/Mastercam 2022 Multiaxis PC Files/Unified Toolpath1.mcam","585761","5a2a36292615433e0de7c8ddb356162cc4c8ae5973b5b708f6646c35d36ddbc0"
"coursework/year-1/semester-2/mastercam/Tutorial FIles/Mastercam 2022 Multiaxis PC Files/Unified Toolpath2.mcam","805264","1e0958e9f6db9eb4b28113ed54bedf12aaf3d4345338d8ff9db4f8c93a2b4bea"
"coursework/year-1/semester-2/mastercam/Tutorial FIles/Mastercam 2022 Multiaxis PC Files/WORM GEAR .mcam","1148220","f397496809e81ff75cd0aa371069079739de25b1f7b86929cd83d8e94e25415d"
"coursework/year-1/semester-2/mastercam/Tutorial FIles/Soft Jaw Vise.emcam","4080090","438073708d413c7113ed3ff2fcf189fd54549fc94a137f0e492abeb006d47d18"
"coursework/year-1/semester-2/mastercam/Tutorial FIles/Soft Jaw Vise.mcam","4080046","e98ba7d7df953efea0f644817204cf4476e2c948befef49d2f1e1b1e4393177f"
"coursework/year-1/semester-2/mastercam/Tutorial FIles/Vise.emcam","4091394","b71d772d6d23355b82c2060307a7c9e093746cc36a67dc1ed98fb056119fe77a"
"coursework/year-1/semester-2/matlab/bt.m","201","9da1004240951c7a096f5e8ed79e043d9c2a5d65cd8eb3301003e44dbbe561d5"
"coursework/year-1/semester-2/matlab/classwork_4_11.m","90","f5817ca150e0aed58ef7eb1e61fab8498bdf08e66590ce5b5dbb403e085007f0"
"coursework/year-1/semester-2/matlab/Classwork_4_11_2.m","281","ba389553e66932fd92ba14c5a88f2adc644ed01d18dd05bb022f7adb6a344ccc"
"coursework/year-1/semester-2/matlab/Classwork_4_4.m","357","fa5105690949499f0a5fc4465aaf5d216e98e964fe744dfc1565175d4f7b6f57"
"coursework/year-1/semester-2/matlab/classwork_5_2.m","53","a3f377abed07bc7c52a68c9ad554b50a4fbcc9731d49a945ece2ccf327f22d02"
"coursework/year-1/semester-2/matlab/Classwork_5_2_2.m","181","09877149bfd010152bf9ad7eeed511b8c8a2b81ef2c871ba642359b366b143e4"
"coursework/year-1/semester-2/matlab/Classwork3_7.m","100","ad690ce80dd5b8f6ef978727337ce1c3d49e235dbed68d2aa605ebbbdf0a1527"
"coursework/year-1/semester-2/matlab/Classwork3_7_pt2.m","159","da6e34d0fc0f0fac0e15214339abcaadd2e21a409e80f2e149ac332136b6f153"
"coursework/year-1/semester-2/matlab/ClassworkBT.m","12","0cd36d510c36ea383f45bcd00f3bbab21a440b611999e31b43a1cba40315771b"
"coursework/year-1/semester-2/matlab/ClassworkCH4.m","79","8196b2c5d7301b6641de4afc22143baf065426b609eca12f8228e0ba0d4b9e83"
"coursework/year-1/semester-2/matlab/cone_area.m","178","187e0866cc4fb29616e6559b5f7b53a91aa16bce2a377c33329c87f93266e674"
"coursework/year-1/semester-2/matlab/Display80_32_12.m","166","0c925961f5a046cafef0b4c965f74dcc9ca0cbfc9725db150b99b916c14c04c3"
"coursework/year-1/semester-2/matlab/html/Page100_Q14.doc","30208","26b13563820a7bb15dff0811fef76811eea1822b4f9c4df3cf92d010c3d489ab"
"coursework/year-1/semester-2/matlab/html/Page100_Q14.pdf","102023","170e795af62743c606c9abffd5e9a4a13d3bb7abf16ee299cc0ec5c47145b8c2"
"coursework/year-1/semester-2/matlab/html/Page100_Q16.doc","30720","e396ca3c0da1dd0400228e41e8ba72c5b86a53154feb34c92868d7b1696409ab"
"coursework/year-1/semester-2/matlab/html/Page100_Q16.pdf","80410","0585857f287308165e7381a7687de6dae110b535d0b86ad5dbc3127b7e5c8265"
"coursework/year-1/semester-2/matlab/html/Page101_Q18.doc","30208","22cd44a463ac2dd71574e4819eff1d79a78a0bb0e364e60e9698c32baac03478"
"coursework/year-1/semester-2/matlab/html/Page101_Q18.html","5443","0fcc3e669800e28c942a51e6e994f684f422ce6fa16b70749f07aa930aa2b6dc"
"coursework/year-1/semester-2/matlab/html/Page101_Q18.pdf","103582","d707dfd52d3c56b33a2f4fc65154312f508dbb043274e9d65c0e50d59d86b873"
"coursework/year-1/semester-2/matlab/html/Page102_Q19.doc","31232","9eaa5f209209602b2c38cf771613e560a14f724943527a081ede4aa3c2d63eab"
"coursework/year-1/semester-2/matlab/html/Page102_Q19.html","7526","44469f409938033c6bd7b944416c1176ab8bf0dd8efd550958644d54892b990e"
"coursework/year-1/semester-2/matlab/html/Page102_Q19.pdf","105807","acf987c4f749b764f2be26e6192515ef252364af8470389b966a6145c5a88056"
"coursework/year-1/semester-2/matlab/html/Page102_Q20.doc","45056","abc00d5ba6d303bedef211817725450f759c5587fba6d70d43921960cfff69fd"
"coursework/year-1/semester-2/matlab/html/Page102_Q21.doc","43008","576ea60732e9b164865e9de1126adf850f25e9d8a09860c97d6b92ecfdff183f"
"coursework/year-1/semester-2/matlab/html/Page141_Q9.doc","29696","66e728598bad5c263dda6fa6573d30bfedca4ed61a02ae2d829311ee315c16d3"
"coursework/year-1/semester-2/matlab/html/Page141_Q9.html","4813","ee1890ec05598a80d9ac3837f5e5e65ffe0a1ca91ac112d074b0da4434399f0d"
"coursework/year-1/semester-2/matlab/html/Page142_Q13.doc","30208","c903a8c9e118988c5b994018446e635e5589ed6a245c815a857f2d52745ed08d"
"coursework/year-1/semester-2/matlab/html/Page143_Q15.doc","30208","1ee98f2f3e373f760178ede388c70eea8f22190e9b09e235fafb18063d94c044"
"coursework/year-1/semester-2/matlab/html/Page47_Q5.doc","27648","ab4a29187bab76a6e6ab40a0f59a1779f26e34350848c36b1172e84abdab145a"
"coursework/year-1/semester-2/matlab/html/Page48_Q9.doc","27648","874f40bbfbeb4987c5f13f149c35f7602998f88b128aa40750b31418111b1745"
"coursework/year-1/semester-2/matlab/html/Page48_Q9.html","4658","c01a3356afd9a57eed2108abf1a73038a7ecda5b7cd42c80c243d0f2c63ade56"
"coursework/year-1/semester-2/matlab/html/Page48_Q9.pdf","87821","3594f11ebe649b6bfc7c7039dd0fc59a88271e84e9ca7c4b592b3109c128fad6"
"coursework/year-1/semester-2/matlab/html/Page49_Q15.doc","27648","e12e86f9058a720beeb9dd37501be74548b271f8bf4d54ff8376a6b916c011bc"
"coursework/year-1/semester-2/matlab/html/Page49_Q15.html","4754","b05de84fcf0bd41c78f9252417008ef0e11d791e2af05ed4332598362efae2c0"
"coursework/year-1/semester-2/matlab/html/Page49_Q15.pdf","91794","134b29e0bade39a4640d93cf60b903515fee88f944bf2eba54a8d82c071b7b7e"
"coursework/year-1/semester-2/matlab/html/Page50_Q23.html","5330","66f191b9d7100a9602a7d1097bad36872b947a88852c69b4492117373e8aa61b"
"coursework/year-1/semester-2/matlab/html/Page50_Q23.pdf","96821","548493f79c552cdbb75bc9a3d7ad3b9f5866642ba8a6f8084605cc067bef6a9b"
"coursework/year-1/semester-2/matlab/html/Page50_Q25.html","4654","eb6e426625c42bbacb1b12d06d79622e87bd143c524656530c705898adf8ef03"
"coursework/year-1/semester-2/matlab/html/Page50_Q25.pdf","93071","46fbcbb68bf6a94c55aab16bd140d5ab993b3a49c8256a485f4b6fdff2da5596"
"coursework/year-1/semester-2/matlab/html/Page50_Q26.pdf","97445","c5d3cb4ad0b58f4250a807a4920df7d24ed421e10718b284a02197e41f67d5af"
"coursework/year-1/semester-2/matlab/html/Test1.doc","27648","4479d03c16c9308e37ed443f03bb4ea57cfc2ccc5eb29670667e291761a07ded"
"coursework/year-1/semester-2/matlab/html/Test1pt2.doc","28160","3daf7df0c6f6314be349fafc421eee6d28a4c8d45293d448784a14425a423906"
"coursework/year-1/semester-2/matlab/html/Test1pt2.html","5336","f05a199e06aea77e8e7a68fadb96dd220ec428dc91ed03173cacd2ea6cb63447"
"coursework/year-1/semester-2/matlab/html/Test1pt3.doc","40448","9e37a54fb8ce437e5e3b1caa4c7c82fe8fccffdf298edbfa29534b4e11042dce"
"coursework/year-1/semester-2/matlab/Page.m","420","0b205b25525a03502cf8e4442f958861ca5faa57d1823ef8495a0b0355a49441"
"coursework/year-1/semester-2/matlab/Page100_Q14.m","280","632812a2799464595706011df569f12543bfc56188d849103cb94d8163c7fa64"
"coursework/year-1/semester-2/matlab/Page100_Q16.m","748","5ee947012bc7d72439f306e84d6b742b2cb40bb9a193aefa14d41956a84d9e8a"
"coursework/year-1/semester-2/matlab/Page101_Q18.m","346","3067d3b4f155dea0c2f7df0b2e0256b7abf7f6f376a8c2bfa9cf12f3e911a57c"
"coursework/year-1/semester-2/matlab/Page102_Q19.m","1072","714d631cc8c3dbfe23a189b0de47022a1cd22702f896915e03d1d84ba0e9b13b"
"coursework/year-1/semester-2/matlab/Page102_Q20.m","514","ff4e1e04773f68d1f959613d9f0183128b71ad6374551780131a190a05a68770"
"coursework/year-1/semester-2/matlab/Page102_Q21.m","544","f53f73ab44e05b4be1f472b3ac66502f9190e0bfddc1fb4f190cfd430884aa2a"
"coursework/year-1/semester-2/matlab/Page102_Q21New.m","541","0c56c2bbd45896a14ef5b07c8991327dee486c52f66f6fbb3f5418600f46c3e3"
"coursework/year-1/semester-2/matlab/Page141_Q9.m","164","78343fa2014e5feb4a6f934b956c5237e708f6b38306f454fdc8db6b1c0a737a"
"coursework/year-1/semester-2/matlab/Page142_Q11.m","319","b45338e030eb83ffdaca457a20e9596b56d36ae78065c52c82a2dfbe8a3c3411"
"coursework/year-1/semester-2/matlab/Page142_Q13.m","463","67a42939bf3b4d4ccd63d64661c2b78f4d961694f91e7d024e5fff832d234e11"
"coursework/year-1/semester-2/matlab/Page143_Q15.m","487","a0a33df52065a600b79db45827210c251068fa118933ad60f8dc682a939f595c"
"coursework/year-1/semester-2/matlab/Page144_Q16.m","579","5422da21880bac017202d1113675e70805f406eae7277a1f553b7b43ad64311a"
"coursework/year-1/semester-2/matlab/Page144_Q17.m","117","df688df865ae3d66e207fb6bd0921917aeec67bf2c6e164f66f08cd91295761c"
"coursework/year-1/semester-2/matlab/Page144_Q20.m","118","c91b4e1649aa45745f5139d9c09dd9fa134545d003f21b31472900fb8c40f202"
"coursework/year-1/semester-2/matlab/Page201_Q10.m","528","aa1dc9f23268c77cbbec835eb2e56fdd9cb299329049ef208d5e0aeb026bc045"
"coursework/year-1/semester-2/matlab/Page201_Q13.m","465","dd3412c486e40ad462e300368599b4adc397df40abad082f7015f14efb7e4e25"
"coursework/year-1/semester-2/matlab/Page201_Q9.m","210","1f7f8271388ff5970403069707030598d05f617f7b79073203784fc8f61d2ce7"
"coursework/year-1/semester-2/matlab/Page203_Q15.m","140","ea5d1de54db5073df98e92a6781fbb29f79b17134cda7303345356167d3043bd"
"coursework/year-1/semester-2/matlab/Page203_Q18.m","212","bfff104927ba54ac053065127985d0b60024692884d5dd85ecbf0d11e867e048"
"coursework/year-1/semester-2/matlab/Page204_Q19.m","248","663ae3f00a3260a9c29203ed133973bbb3bdd4fa9a58dcfa011daf6f36a19c89"
"coursework/year-1/semester-2/matlab/Page205_Q22.m","49","210144f064da3d0d2506efeae4cbb35669f736359be7804e2a2729cc12ffa4df"
"coursework/year-1/semester-2/matlab/Page47_Q5.m","162","2f4fd35513979ee19a9f0da87b615e0124b7813b88948f5585311b48f080ebbe"
"coursework/year-1/semester-2/matlab/Page48_Q9.m","87","82f75c840ae40d18e3f21c410698a1c4c5f873172a0aa2b3cafbb512d73fd1a2"
"coursework/year-1/semester-2/matlab/Page49_Q15.m","153","25db2130f47c33a4773558f8c4bd8b960ea532a145fced98b8774aff3ae66b58"
"coursework/year-1/semester-2/matlab/Page49_Q17.m","483","d413d6c22916787277cb27a2e4e1ab907d6be53ff86602afa54ab6f34204c5b6"
"coursework/year-1/semester-2/matlab/Page50_Q21.m","180","734195889af5dedb57def54d318d075e265563b8e4479be59e6fcb6c0b42859d"
"coursework/year-1/semester-2/matlab/Page50_Q23.m","398","5cbc96a8ef5e87ee538072a7159d2793807d89b8685a165a59a12c7f52ac9499"
"coursework/year-1/semester-2/matlab/Page50_Q25.m","122","aedfa05f89f8f1b5fe0e08b217963563e5e6097869639defd73a5bee1800efa5"
"coursework/year-1/semester-2/matlab/Page50_Q26.m","214","a17bbd25d66c9af05e9bb2383b3d76b35aa31fc143e64e873dcee3ce1d38919e"
"coursework/year-1/semester-2/matlab/pc3d.m","238","82aa247fabafe46b64127443aa0a5f9583eed3d5f4b3e515355915881b3a36d8"
"coursework/year-1/semester-2/matlab/Project_4_equation.m","54","605f43a7e498396bdd6a109b08a32b3e5bff28678162a62856e51f2430c07b31"
"coursework/year-1/semester-2/matlab/ProjectG2.m","832","9ab7f89dee77d6982f0b4106ca2ed3d9834d52eb055bb94c92b3d0e1d449ceda"
"coursework/year-1/semester-2/matlab/Projects/Grade Breakdown-Textbook Cover.docx","54823","2b6fc22eb54fc36c03db61333f1a9c89aa514b7b4ede54f8dbe521fa2aaebe0a"
"coursework/year-1/semester-2/matlab/Projects/Mech 1240-Project-cover sheet.docx","19568","9ee9cb745a82213ea92e273171428fe19b5bb9e314447145caa2349920f71f05"
"coursework/year-1/semester-2/matlab/Projects/Project 1 Google.pdf","22399","31f2e1482c8841ae52cc271d7ef58f6ea489bd712eaa522ac8ddfbe24a59fa7e"
"coursework/year-1/semester-2/matlab/Projects/project 2 Listening.pdf","46100","46972e284092bcbac6f2a08a62b5d49734bd666eeced7e6ff6c235473a933cfd"
"coursework/year-1/semester-2/matlab/Projects/Project 3 Sky is falling.pdf","252224","8fbfa7f0ea2127f59ee6bf1133839deb2f38cadc400f11a0f0bc37426f1e8864"
"coursework/year-1/semester-2/matlab/Projects/Project 4 Solar Probe.pdf","462472","f6fac828dc3826846c7131ffff040705e08d0e713680d2e9bb632ba9a8b2d16f"
"coursework/year-1/semester-2/matlab/Projects/Project 5 Program yours.pdf","126613","b6fdff120a3a0914f2e09fd3f1133a922338f7b66452264cac7e2ca09618ba15"
"coursework/year-1/semester-2/matlab/Projects/Project 6 making sound.pdf","15380","0100b78d43c92a548a040c226766a8cb85689edbe4d41f5e7296e2cf3e51dd56"
"coursework/year-1/semester-2/matlab/Projects/Project 7 data analysis.pdf","14494","e1f2ede957952c5fa64372af048c1f9ee7e6d952d5f2c322fddfb86edc4d20a0"
"coursework/year-1/semester-2/matlab/Projects/Project code/html/Project1GPUGraph.html","7153","30f5d83d468728594a9791c884b98b038bffd5462ae919ae543354a5887292d5"
"coursework/year-1/semester-2/matlab/Projects/Project code/html/Project1GPUGraph.png","1129","afc3a1d10968ea2e28ad11704e922d45af99bf93720aa4352be90bc598f41067"
"coursework/year-1/semester-2/matlab/Projects/Project code/html/Project1GPUGraph_01.png","9474","d58abefc8ad80788144eda59032ac8e0efd6b3fd6a75f5882ee99190b24aaac2"
"coursework/year-1/semester-2/matlab/Projects/Project code/html/question4proj.doc","30208","55d80874e37f7f411e09cc60d20168beed13b644a02bf1054b5e9c1a5a19dcdb"
"coursework/year-1/semester-2/matlab/Projects/Project code/html/question5proj.doc","41984","ea66875d19febeda163c33784f1c57c35d012e669e42af9bb88b2244747b482c"
"coursework/year-1/semester-2/matlab/Projects/Project code/html/Unit7Smoking.doc","47616","c266ff930003e72d45b511f6a3e0c15d4069ee148a7429c47e68641ef7847bdf"
"coursework/year-1/semester-2/matlab/Projects/Project code/html/Unit7Smoking.html","9367","b0561feea094f3856c36a5fc5daa43975aa8126495f1cc5751897750cbeaa1fd"
"coursework/year-1/semester-2/matlab/Projects/Project code/html/Unit7Smoking.png","2289","8ddd99298d790ca2df89f1ee86ca5e3a0ab6f68663fa967221efacdf3bc01481"
"coursework/year-1/semester-2/matlab/Projects/Project code/html/Unit7Smoking_01.png","17980","8a5213b2141d85e5825cf75d120f732b5ff4f28a5fc2727fb87f9f0f7d56a7e0"
"coursework/year-1/semester-2/matlab/Projects/Project code/Project1GPUGraph.m","880","59a56d058a7033fe3559eda449e286c47ee79454f61705a7d95c9e2cf8473c91"
"coursework/year-1/semester-2/matlab/Projects/Project code/Project2Bone.m","1308","b8202d81b0efcace3d203756fd7052f2768d921921187979fb0cdebd61a37647"
"coursework/year-1/semester-2/matlab/Projects/Project code/Project3.m","367","ef65d4d6f1697b71edb2034ca01a7765aea2f2579857eb0abd7bd3076976e7bc"
"coursework/year-1/semester-2/matlab/Projects/Project code/project7OLD.m","1658","67efaf31b04acc80e8f0db2d5a7d201d462613854cdc6b0c2a832f7be3890b8d"
"coursework/year-1/semester-2/matlab/Projects/Project code/question4proj.m","699","2d63d0cad3b2a3cf6cf2e90c2d28e87cd5329923043ee819079dcdfff475eb3b"
"coursework/year-1/semester-2/matlab/Projects/Project code/question5proj.m","800","bec24696914f1375f2540fc9cbc8e7115fede74952fcdb6670fc1ecb58197f37"
"coursework/year-1/semester-2/matlab/Projects/Project code/question6proj.m","1248","8f045d21fccd6025c3adc70758f18215bfadc6ff620cec84d76552e76332d30f"
"coursework/year-1/semester-2/matlab/Projects/Project code/question6projFinal.m","858","fcf612c4e61394617dafdd4f33d452d9132eb01ce4380f8d9b38d92c9a6394e3"
"coursework/year-1/semester-2/matlab/Projects/Project code/smoking_trend_totalpop.png","35491","d206b6cd16072b2c1ca0ab51a605d26181cc138f48c3131551e177d12a9d9621"
"coursework/year-1/semester-2/matlab/Projects/Project code/smokingkids30day.csv","8992","ab1cb904d4217ede9feef0015a4073777f845f0526dce4ee35b97a15a06895be"
"coursework/year-1/semester-2/matlab/Projects/Project code/Unit7Smoking.m","1541","71f3b8e8276c43e4cd6a5bbdc43d0a616421882ab6b079523c4506f523b3c104"
"coursework/year-1/semester-2/matlab/Projects/Project Docs FIN/ListeningProject2.docx","21516","6b71d156c8b93ff7096f14ab921e9104b090633179340776d9f091a7f1f39d69"
"coursework/year-1/semester-2/matlab/Projects/Project Docs FIN/Project1FINAL.docx","45747","43331486dff2044a67d0ec54adb4c6cb22c69cd2da061befa5457b5236e0812d"
"coursework/year-1/semester-2/matlab/Projects/Project Docs FIN/Project3.docx","20003","806359801d7336b2b5dd8894424505e8472af221cf79b69ae3b204d6d7848055"
"coursework/year-1/semester-2/matlab/Projects/Project Docs FIN/Project4.docx","19980","bfae00f93c818ff80cae9938734e2f1b59ee4711b35e75f7f2b21e87104bbcd4"
"coursework/year-1/semester-2/matlab/Projects/Project Docs FIN/Project5.docx","35491","ce3581f6fe368bbe598e31ff991f03add961329891aa9651da9d478a8ebfb803"
"coursework/year-1/semester-2/matlab/Projects/Project Docs FIN/Project7KidSmoking30Days.docx","43256","badf811af7385aed15d7ae6f8a2dec995371bac0f3bbbd608537264f9375ad53"
"coursework/year-1/semester-2/matlab/Projects/Project Docs FIN/question6projFinal.m","858","fcf612c4e61394617dafdd4f33d452d9132eb01ce4380f8d9b38d92c9a6394e3"
"coursework/year-1/semester-2/matlab/Projects/story.mp3 (audio mpeg Object).m4a","7369010","c65a8f40ffeb67538a27d1889bb2cfbd57034eb884c79047f040df77dda75fe6"
"coursework/year-1/semester-2/matlab/RowVectorTest.m","61","1e6c0f312057a7685384dc46862abfe99bff8d856fbfae3eecd0e01c5db25e26"
"coursework/year-1/semester-2/matlab/SinWavePlot.m","129","cf01c305a66ee22f90271d190207de357aaa0f451313c227c6608a3828ac86f5"
"coursework/year-1/semester-2/matlab/subplot1.m","578","1f5cde13b1d5e8d1e84b91c1f553e9f78f2cb4dd2566a78299e302c92802414b"
"coursework/year-1/semester-2/matlab/subplot2.m","110","2c0b4b192cfd246eddc6d6cd49fbf9a2e4c1555a7891122ee8964c9836c83c9b"
"coursework/year-1/semester-2/matlab/subplot3.m","139","8ea287a51f3cbd6fbec93da11199b4897b884cfe5e87c189a85658a45e766817"
"coursework/year-1/semester-2/matlab/Test.m","21","b06129116036db9b9674de16c07f080156334838c066cd342df6a1ba80b1c6fa"
"coursework/year-1/semester-2/matlab/Test1.m","215","abda137a4e0010d1540e456fa11dd201afd386e9d86fc8b2cc5e104a498ab5ef"
"coursework/year-1/semester-2/matlab/Test1/Q1.m","172","fcbeb2a3befc164d2db5ace2bed513ffd416f12ad261c862e38cd1a97181037c"
"coursework/year-1/semester-2/matlab/Test1/Q2.m","321","9740092af8dbc4359b0891653be6f70373724901fa0d97dce9ea82ccf94d6f2c"
"coursework/year-1/semester-2/matlab/Test1/Q3.m","317","1587e6985b0f1e0d0353dff7fb03a0a64d8a75fcbbffd1853d6dce4a5299a91c"
"coursework/year-1/semester-2/matlab/test12.m","48","e580bdc9f17f7b22c2a31650619cdd3fb742cd36819c78c77996357827b5e974"
"coursework/year-1/semester-2/matlab/Test1pt2.m","364","4473d41ed0eab986c0dfe28bbb67a1b27c111f90d20deaba40c20aef8f979db5"
"coursework/year-1/semester-2/matlab/Test1pt3.m","363","871ed7335ed5659593b57a2e2708e3c1e3592b7679bc497c9bdd7ab2c7de7b81"
"coursework/year-1/semester-2/matlab/Test2/html/Question1.doc","29696","0b38f54baa7e9e1acff1d4d78b05e3484bed526e1cbc51ea74c820aeaadcd888"
"coursework/year-1/semester-2/matlab/Test2/html/Question1.html","4770","1c3b2c9df619f48883353350b37ea38164103d75fdb70560524e5b7455611428"
"coursework/year-1/semester-2/matlab/Test2/html/Question2.doc","30208","98cd3cb67759ff188cd896f8118698ae8f10288ae1486f8a943700e478a713e0"
"coursework/year-1/semester-2/matlab/Test2/html/Question2.html","5633","02c4d256c744ecd48c2400d50c5a1285718adc0fce5b19e9e6039b76e7c544ab"
"coursework/year-1/semester-2/matlab/Test2/html/Question3.doc","39936","e68e99ff421a6fd9d7d1c17ed9995742207264ab07b992b1fbecacb777a65dc7"
"coursework/year-1/semester-2/matlab/Test2/html/volume.doc","29696","1cd21c1e26e4c265979b6b49d10f51c21562b7058f7e0ad099809bbf5cb5916a"
"coursework/year-1/semester-2/matlab/Test2/html/volume.html","4837","2f930654177527564441f508178fe4c002a65c4615e7d306d0c7d5f23ece9345"
"coursework/year-1/semester-2/matlab/Test2/Question1.m","160","79bfc9c1b7b116983b65ce79d8a344c7920852ab79759f599c1d71c63a551554"
"coursework/year-1/semester-2/matlab/Test2/Question2.m","401","42b0660d4dcb52c3af461e2e8133f8bb9ae907a8c607bac5471832b528e3df21"
"coursework/year-1/semester-2/matlab/Test2/Question3.m","157","d2b10f65b941c53feeae88872b8f203bb39b9d3827108217fa4bf7b0f874e453"
"coursework/year-1/semester-2/matlab/Test2/volume.m","173","d6d2389318aa8110d97dcdadaecfe85f6ea65be84eef4b01ab9ad9080f5d9116"
"coursework/year-1/semester-2/matlab/Test3/html/Question1T3.doc","29696","0271e6565902319df61a83402c985438ceef0d654831071a2161e542a57fc295"
"coursework/year-1/semester-2/matlab/Test3/html/Question1T3.html","4861","258742ac66fda6ca406f5444facb630ceb7766e50a52cb764db416e8bbc05450"
"coursework/year-1/semester-2/matlab/Test3/html/Question2T3.doc","29696","47cd68a0ce5564b4cdc38afd35ae705aaed83e981b83996fd5e8ebb397f38c0c"
"coursework/year-1/semester-2/matlab/Test3/html/Question2T3.html","5072","fa80794a9d6fe2b0437b13cbc5be1bf2943277604d8b8896b142c6afc273c9b1"
"coursework/year-1/semester-2/matlab/Test3/html/Question3T3.doc","29696","fbee8c811f75c064cc97202bfe8afc5be533823e1e424b7d7efccbc1f5ce0b91"
"coursework/year-1/semester-2/matlab/Test3/html/Question4T3.doc","30208","36034b77e1ff5e7a11dd4fccc13f22d95137dae25d4b0b14aa420803ecb28b4f"
"coursework/year-1/semester-2/matlab/Test3/html/Question4T3.html","5443","ca9187ca6c41638f315841ae8936bc00b5a4b78a5344bb0a2264caa1e8d9daa1"
"coursework/year-1/semester-2/matlab/Test3/Question1T3.m","217","c477cacde10eaef93dccf7052a64ba0830c3cf274042448d570dbdbfb6fdaf8f"
"coursework/year-1/semester-2/matlab/Test3/Question2T3.m","261","975e38df9d517eac2de1e87ec965c9eb21601e5b19b2961cfceebf23e9f772e3"
"coursework/year-1/semester-2/matlab/Test3/Question3T3.m","135","23429fcc9a251ed9b7799a5637610c284560993a65f080bad94b8df5840856b4"
"coursework/year-1/semester-2/matlab/Test3/Question4T3.m","385","3d6dbc9f888f75bd1f6027bd866882b791a5c7a43c0a2ceaad1b3fc88f8dcca9"
"coursework/year-1/semester-2/matlab/TestQ3.m","110","ec137f1bd7dd89bdcebdcbb9d96e8a5acac20e6fd2e3bf8680f06891f4abdc2e"
"coursework/year-1/semester-2/matlab/testrer.m","9","a17ab16b14c3b6e3745ada07680b7eec908e40be2b284cb06fdf11c9a96c53b8"
"coursework/year-1/semester-2/matlab/Testza.m","95","45ebad5a785074a5159451437a15a701e26ced0dc6c76f3da9e5ff0c1ee64871"
"coursework/year-1/semester-2/matlab/TF_to_TC.m","130","d2f774006f796124ea0c43d5b5e8215c53905b7ad431c2fb8f18741741948092"
"coursework/year-1/semester-2/matlab/torusGeom.m","159","0e141ed54816b9ee1005ca5758547f34aac195d9305cca497fa8d1866be447d6"
"coursework/year-1/semester-2/matlab/untitled.m","936","7d1cfeea63d10cd48870ec98a3bc2832cb0c46164297eb7a232fc571e9ab8b30"
"coursework/year-1/semester-2/matlab/untitled2.m","471","3434d6bf93fb2cfb2c7d35de789c01bb06ea72f1bd8d81581c4a876b6bb1d1b0"
"coursework/year-1/semester-2/matlab/untitled3.m","1063","2212ba85c4b2d71c5d3d66846bfd9bea21a32efbb23ff4e67e3af5da0b5d35ca"
"coursework/year-1/semester-2/matlab/untitled4.m","1068","eb8e1cc583c64026455fdeb900b13e49c98884ed94cac7fb42b3cd7b51b66723"
"coursework/year-1/semester-2/matlab/untitled5.m","646","47798c35973f1dab215bdb0d97c0ecc3b6577f1bdd42b716627c90154360fd81"
"coursework/year-1/semester-2/matlab/WT_cost.m","190","331adc050af367d08dd5df9b86f8a7bca32c6f8990bb0c7578743a7344d1814d"
"coursework/year-1/semester-2/matlab/YearsOld_80_32_12.m","208","0fabbbb3305b2580941cc4061e133a122841296e3d381ec46bf8d5252e826b40"
"coursework/year-2/inventor/~Angelo Titleblock.dwg.14524.tmp","404480","81e3921c03081e81b710ddd8ce789d074ef77c49d44721d073768fbe8e925f6c"
"coursework/year-2/inventor/11x8.5 title block.dwg","545412","669d69b63b2214ae1bd1bc83e71eed93b4c3ac27f46b6c20d6f48531fc603fa9"
"coursework/year-2/inventor/11x8.5 title block.pdf","72823","c05a8e46542ba7c6ace87ac470a7ebfc6bc35987f280e5942106964d2ba49e89"
"coursework/year-2/inventor/Angelo Titleblock.dwg","466157","79e962528649764f240cc1c8c873dfe5778596a460728070894028fc5da0f89e"
"coursework/year-2/inventor/Angelo Titleblock.pdf","391306","8080782462de9588e850842ee2f5fa97b7d8cc1597845f07fce56f9f3e977c41"
"coursework/year-2/inventor/Chapter 14/Assembly.iam","242688","c666f868f95a12aca9723e122f6c1a793a7e83c05e4b22e6edb43097ce04a645"
"coursework/year-2/inventor/Chapter 14/Assembly.pdf","114117","9c0dc89709f998647fcbe38da83b3edc9ab8733d1411698d61c815c72b9241b8"
"coursework/year-2/inventor/Chapter 14/Base-Plate.ipt","229888","7ca0f81f1bc942f0d82113219cbe674a5510f6cbfef9b686fabc43a77f665924"
"coursework/year-2/inventor/Chapter 14/Bearing.ipt","303616","6fb844f4ac43558bbb6646e598bd41c4b96cac80c83eace46aba25550449d5dd"
"coursework/year-2/inventor/Chapter 14/box.ipt","153088","579a467d81376deebf190d06a03178313470ce8bbed64fe6872192dc04de4ef2"
"coursework/year-2/inventor/Chapter 14/CapScrew.ipt","287744","e26d8fcef8a2bb141b9438f026b3ddc5bdb305d2e5271414edff51de73540d2d"
"coursework/year-2/inventor/Chapter 14/Collar.ipt","198144","779a89123b0737602af010437bdd3b828ae951de033c3242373a41147f0c1cc6"
"coursework/year-2/inventor/Chapter 14/OldVersions/Assembly.0001.iam","235008","bf59dcd7ece1adc72e7e32c120bd2047c1575fd8831b59e6b35be4c19cde0cdf"
"coursework/year-2/inventor/Chapter 14/OldVersions/Base-Plate.0001.ipt","214528","d7a44eab575ae0dd6465b2f1b837ea63ddb2df2c22e2ac125fbd551b06f507fe"
"coursework/year-2/inventor/Chapter 14/OldVersions/Bearing.0003.ipt","295936","a668933f1d336999896ff774ff32524defbb49e9b33db1e77fd3a15470991a0d"
"coursework/year-2/inventor/Chapter 14/OldVersions/box.0001.ipt","144384","f26dc1d49624a802cead0e43c9494ade17ba2ecbb47e9766fb9ffa2761b2c5e8"
"coursework/year-2/inventor/Chapter 14/OldVersions/CapScrew.0001.ipt","262656","9e4082b3032d4822b688e8dda6b9cf120a46d4af4b05f2e77197b82ee1c6d197"
"coursework/year-2/inventor/Chapter 14/OldVersions/Collar.0001.ipt","193536","8aa72233d1a6fe463fa38f74b5af09434b7b6b7db34709de61f7d33e4bd03cd3"
"coursework/year-2/inventor/class 2/locator.ipt","183808","cbdba89bbb1c0fcab2f76e9a52b41501c529ca520f342a9bd6a4f7bdedb377a9"
"coursework/year-2/inventor/class 2/locator.pdf","496009","0843cc1a8901b0340bea91af9a8eb30cebc1decee7215cd7f3a6b0e65301b803"
"coursework/year-2/inventor/class 2/OldVersions/SaddleBracket.0001.ipt","206848","f123e487a8237df1ddcd90be2c59d7ca2a70b25a899347f6634bb9fdeeaaa19a"
"coursework/year-2/inventor/class 2/SaddleBracket.ipt","223232","2f95a2c15dc4178114f54996a98f856f13c73511e53edd38f0ec0cb1157dbdb7"
"coursework/year-2/inventor/class 2/SaddleBracket.pdf","524577","220daa2d6bb5f8ee0b0ddb0d91481a36e64df92a824298b8501de6c938b80366"
"coursework/year-2/inventor/Class Project/class stuf.ipt","314880","3d9a68d7c89e52e281e013f363d715e7874440cdf28039c6c8cdcf9996efd392"
"coursework/year-2/inventor/Class Project/FinalASEMB.iam","417792","1994f01c1f5368a1d23b234c8140572fa4d200cf4f8f947046a37589185db818"
"coursework/year-2/inventor/Class Project/lid_.ipt","646144","f9f3bb6e25d22b3ea46de50e26703f2a1e6c8e0bfbd472d9c31e63077510c92b"
"coursework/year-2/inventor/Class Project/OldVersions/class stuf.0006.ipt","306176","60e0e9552b3d0fefd2c424a84e0602b8436924fcf8d9ba9467d7696250599810"
"coursework/year-2/inventor/Class Project/OldVersions/lid_.0011.ipt","591360","20d04977f9b8d59516da213b08e59b34ee7f9192866e2e70dd6f844f2dbf578e"
"coursework/year-2/inventor/final Project/bottle.ipt","280576","d172c428b155d5a8219242a21b1aa3df66850cedfa54bc37363937f7cb84092f"
"coursework/year-2/inventor/final Project/FinalBottle.iam","377344","56c13b1545eb75034972e478287cdf545c1aee67b2fd5533ff5a2c2a12c7df55"
"coursework/year-2/inventor/final Project/FinalBottle.ipn","168448","4bf0a5223f88faea5be2fa575721550dec93b622d789a605f84ba91e2f5e8a52"
"coursework/year-2/inventor/final Project/holder.ipt","798208","07cf5730ab641a5409e2d441c6c98544dfb23e9aa24695ef7bef32238f7def44"
"coursework/year-2/inventor/final Project/lid.ipt","389632","a84e520e957b2c817be26dd11f284fcba46e7980efeb7efe7e1a9448e683c1de"
"coursework/year-2/inventor/final Project/OldVersions/FinalBottle.0002.iam","376832","44562283da817a588921efa37a98fc47524356d22c03bb16e2ac9cef09296148"
"coursework/year-2/inventor/final Project/OldVersions/FinalBottle.0002.ipn","168448","2b30a04708b09b3918fe2d463cd69f0c580fefc0ec51860e93dca250a8ae9bc7"
"coursework/year-2/inventor/final Project/OldVersions/lid.0001.ipt","345088","4a6417a01ffe47d5a1268285fbfb50c01642abafe84812823064596f9d2627c7"
"coursework/year-2/inventor/final Project/OldVersions/Straw holder.0001.ipt","232960","e5a6e5bd1a4a6f1b0b373aaf93b4f445a5d54d378410cd8926d9a9a070e078aa"
"coursework/year-2/inventor/final Project/OldVersions/StrawPlaceholder.0001.ipt","210432","7238339242168d9e50bc1662e905c59e8c712ca12bda3e640fad9a9fa5250918"
"coursework/year-2/inventor/final Project/OldVersions/title block bottle.0001.dwg","535030","e12b71fb8831f78b61b0b10ca134ce60c1f77d7032b752f1f84b214ab5d8321b"
"coursework/year-2/inventor/final Project/Straw holder.ipt","233472","620fe6e1d882d1851748daa01fb692cf1a3940f16beb210d4a7400e53b1c54f9"
"coursework/year-2/inventor/final Project/StrawPlaceholder.ipt","210432","ee45051015cd0c2ee6a89664d7a92b00cb05b9915150e28874c46f82a738b2f3"
"coursework/year-2/inventor/final Project/title block bottle.bmp","4226934","de95312d8feba12e8cfeddbdf68859608606ae095a03fc5ca003781e30f2bd96"
"coursework/year-2/inventor/final Project/title block bottle.dwg","542812","34788af4e8886a6a0ab3bab1d0d6ad79d0ab0908c934144e501d14761325eb03"
"coursework/year-2/inventor/Homework 1/Adjuster.ipt","189952","44dc77ff104846c76a139a371b63abc6d007e2e0a01c5552c8d971e434e2591c"
"coursework/year-2/inventor/Homework 1/Adjuster.pdf","1404573","f624cfb179d64b7b9d5d2985751b01afea13f607d8aaac6f27b6e3499d71b2df"
"coursework/year-2/inventor/Homework 1/GuideBlock.ipt","230400","474155b46609b4a7f331bc4046f64e23e5bb50efded7c9da13ab24323b65b804"
"coursework/year-2/inventor/Homework 1/GuideBlock.pdf","246001","87040ca246c19febd795f587b053bfccf98e833dea767f01d7537a24f1023923"
"coursework/year-2/inventor/Homework 1/Inclined_support.ipt","200704","fad1f0543caca4814a162e18341cb3880d2c3030c0e95933d9236cf3b4277287"
"coursework/year-2/inventor/Homework 1/Inclined_support.pdf","1599713","f43feed43e8fa291bdd74339a65f30b8d4f77346faadafe548a9812400ddae08"
"coursework/year-2/inventor/Homework 1/OldVersions/Adjuster.0001.ipt","182784","28b862318fb7e7ac05cba4af6aa8cde98d5d412e33358762c81655a41eea0f71"
"coursework/year-2/inventor/Homework 1/OldVersions/GuideBlock.0002.ipt","222208","f3d92b5df72533ec884a7ee309489abe83acc17edf2dd24806c46e3561c7c349"
"coursework/year-2/inventor/Homework 1/OldVersions/Inclined_support.0001.ipt","167936","d85e70d82fe2797bf7a09d21dd729c08349c664a9010cb0c7a24e95eb7984f95"
"coursework/year-2/inventor/Homework 10/Actuator Bracket.ipt","505344","d53c2dc4723ea51e1134c469adf8f185a7611981bcf1c1f1e11acc04f5ed7b13"
"coursework/year-2/inventor/Homework 10/CoolingFanCover.ipt","385024","66457c942e5e3ee515446fc8bc973bda45ba6102c2ac8fe2b4e23100537e6dcf"
"coursework/year-2/inventor/Homework 10/Part20.ipt","514048","467f2ccad3b3fd6e793635cf84a60cfe9e8b6a72fc3b7c8b09d9ed226a6ff9fb"
"coursework/year-2/inventor/Homework 10/PDF/Actuator .pdf","106204","ef1b08c47d06d398e11ad1c87617b062597bee11c4283f9fb0458b27b9210c84"
"coursework/year-2/inventor/Homework 10/PDF/Actuator.dwg","466651","8b2518f732beb7d73ea05b1d95193677fac1375ea6f0fc00ab26f813292b9c89"
"coursework/year-2/inventor/Homework 10/PDF/CoolingFanCover.dwg","466666","8e32aeaa73740a4c1ba792c67b7bf4653e4165ede55638515e52bf0782175d24"
"coursework/year-2/inventor/Homework 10/PDF/FanCover.pdf","112562","aa117198b280bc927466cbb5909ba9aa81852163387e86ac585c1cfa48a8fa92"
"coursework/year-2/inventor/Homework 11/Assembled.iam","206336","a08b53b7109296e792ed95f17344b382d181ae946bae841d210e545178e12dc0"
"coursework/year-2/inventor/Homework 11/Assembly2.iam","209920","06c4963cc087ec2a5b4b5eab0dc55215f0aa10d17fa0c6a2eb9fef94701f1959"
"coursework/year-2/inventor/Homework 11/BlockBase.pdf","101965","9e6d3bacb5c3195345886f4bdea963b64da2cccb6fe20d83c8eda867514ea00f"
"coursework/year-2/inventor/Homework 11/constraint2.wmv","1240218","9610b6c77cc918d575755016ac912bdfef58b51616faa60496d67f41ed0ab251"
"coursework/year-2/inventor/Homework 11/CS_base.ipt","163840","a5d55261656e575b27ef9e5e258f877e05bb65af1249637d8df70ec623d83f2d"
"coursework/year-2/inventor/Homework 11/CS_crank.ipt","91648","bd75db04d794edaee7c07f5e0a2ba1a8cb86ec04e03061aab9b63b0deb5c8710"
"coursework/year-2/inventor/Homework 11/CS_rod.ipt","184320","2fb656531d1ff2a99056a507fee4ee44bb3f0ec869d899ac43ff33bb0897ef96"
"coursework/year-2/inventor/Homework 11/CS_slider.ipt","188416","83b2bed98a893418a4f393bdd3893db6ff057708eed8f92693cb3629156f768e"
"coursework/year-2/inventor/Homework 11/OldVersions/CS_base.0002.ipt","163840","5d9aab852b16b2f0f6af0066d3532a4f96aa0a60f2904a0136603d05de0bbf5c"
"coursework/year-2/inventor/Homework 11/OldVersions/CS_crank.0002.ipt","183296","2a02be82eaf5b13a8c3567e7987eee21dbfaf587623284ee95ed2d363a1cd5c9"
"coursework/year-2/inventor/Homework 11/OldVersions/CS_rod.0001.ipt","181248","ccca1a585b36e41e3830981cd615759b35275a6b1edb4175c2611174b7c56ca9"
"coursework/year-2/inventor/Homework 11/OldVersions/CS_slider.0002.ipt","186368","bd9ede9afe84a64bdc3f7778a3cbfe45440e4c829d0f9fd1227c48d36b537ba7"
"coursework/year-2/inventor/Homework 12/FinalBottle.ipn","168448","69b577e8a2e38048d353fc577410efcbe99816f6f69bf6c5d70b86fea6d10dec"
"coursework/year-2/inventor/Homework 12/OldVersions/FinalBottle.0002.ipn","167424","501ee91b6333090cb70b27c17acf05dbf6679b4d7155bcd94af1718f45c3d449"
"coursework/year-2/inventor/Homework 12/OldVersions/Plate.0001.ipt","159744","9c26af73ed71c86cc5b6dd5a64594ef97c047790fedace4badbd438702e7dc42"
"coursework/year-2/inventor/Homework 12/Plate.ipt","183296","ba8e9a999dcd25b3d0182a2b85ad8ecde4d690576f6469af7d833336b728e7b2"
"coursework/year-2/inventor/Homework 12/Plate.ipt Stress Analysis Report 5_4_2026.html","1166880","c6fb8e55c4c74f783870205da326660564250103984f5b1c40b38d38979c87cc"
"coursework/year-2/inventor/Homework 12/Plate/AIP/FEA/ff4akhj5s.fins","3318","e123a44e3ca81d73a5a8fdf065faad00650470f2e4f236adff5babd0dbae6b01"
"coursework/year-2/inventor/Homework 12/Plate/AIP/FEA/ff4akhj5s.fsat","25496","0a4c30449ee90b9f1991a864947f43a4b03f307205ca73ad239ce5db49118220"
"coursework/year-2/inventor/Homework 12/Plate/AIP/FEA/ff4akhj5s.ftes","4022","4d5f3dc029a5dfa0c5f40beceba96a810f8efc6710c9a3ff174808804ec5632f"
"coursework/year-2/inventor/Homework 12/Plate/AIP/FEA/ff4akhj5s.fwiz","2186","0e59367bdca7f1aaad2f77bba3a40b866ca7364334ffdc675c0eeedb1d185e6e"
"coursework/year-2/inventor/Homework 12/Plate/AIP/FEA/ff4akhj5t.fmsh","85276083","e4d1e756529ae2b2788a82fbb287f95fbd98a33c72c090f0bf5b6a877842a6c4"
"coursework/year-2/inventor/Homework 12/Plate/AIP/FEA/ff4akhj6o.fres","127058282","4899d9d0530c5416074211e36fecb8f03a7febf06d1c1b916600c654db16c57f"
"coursework/year-2/inventor/Homework 12/Plate/AIP/FEA/Simulation.log","2308","330d927ded7e41a6dbd0c48e535a69aaca31951b9670ab920ed0a1d423f0305d"
"coursework/year-2/inventor/Homework 2/C-Clip.ipt","181248","411af595e2561d6ef2419869da712f65da2b95727bda7f82bb68941e0de0ad39"
"coursework/year-2/inventor/Homework 2/C-Clip.pdf","1459195","d2d19ce6f0da82a5d0665a32107d826921aed9b96c52c53a592c7e0ba99bcd03"
"coursework/year-2/inventor/Homework 2/couplingbase.ipt","256000","5ae71d3cdbc19a878ac893bdbef1a9db6af467a473eeca7c05450351efd7720e"
"coursework/year-2/inventor/Homework 2/couplingbase.pdf","1523317","eff160c91c3f3b1a483d31fa1473bc9b5f4a941fee206756774aef1aa277d981"
"coursework/year-2/inventor/Homework 2/GuidePlate.ipt","192000","7cea52ce26658ec13da9ae7f79450e2514451d586dd4a2398e5befe2d2ab0136"
"coursework/year-2/inventor/Homework 2/GuidePlate.pdf","1540073","0635dd2418cb562a319498a3ab3981adcb7098c32d65111f4de54fd3200996d3"
"coursework/year-2/inventor/Homework 2/LatchClip.ipt","176128","74be2833c68e7ff2459f81b664ebd2d09b49ac4ded0eac253eccde08b2c75050"
"coursework/year-2/inventor/Homework 2/LatchClip.pdf","1420409","6fec55540c2538f86f8910d6d7d8bd90aeef33866a09477cf306798c9eb482f5"
"coursework/year-2/inventor/Homework 2/OldVersions/couplingbase.0001.ipt","257024","fd92fd4301c5b945c0c030546fe7ce89510eb7e2b4e2441de6bf2145608dbbc9"
"coursework/year-2/inventor/Homework 2/ShaftGuide.ipt","219136","ba375b3b2d4ad195b9ba30940b67476212cceed66049d63c976870950e9492bd"
"coursework/year-2/inventor/Homework 2/ShaftGuide.pdf","1435103","5faf7e1cfa34912870a40c98ad1a8b3a2d8d4d56af1d93dd6ad507f4aea5fa5f"
"coursework/year-2/inventor/Homework 2/TransferFork.ipt","319488","b4985111ed35fefdd7c9bcafe33a52be259dd8847791487fb73dedc14ded4ab3"
"coursework/year-2/inventor/Homework 2/TransferFork.pdf","1594911","becf533b33a22ffeb669bcc58ec7909983748809cc7ee714cfcecd4a4cb77d88"
"coursework/year-2/inventor/Homework 2/TubeMount.ipt","244736","abe7f199fdebead62bac466405d8aa1072fd253b8c96090ceff6f7a2f66b54df"
"coursework/year-2/inventor/Homework 2/TubeMount.pdf","1486434","9ab1297d13f2a0d0803b2f6fe5f172087d7270cb6ab9016587fc44ec2aab1e2e"
"coursework/year-2/inventor/Homework 3/AnchorBase.ipt","365568","abbb9256acdc5cf9d5988f4b53479b2ee97ee703b08d21f457aac0b1aed29532"
"coursework/year-2/inventor/Homework 3/GasketDesign.ipt","226816","b488fc4c62f3db9402c727397c0034ad335ba57447f6f5c08d890365b5e00886"
"coursework/year-2/inventor/Homework 3/GasketDesignDims.ipt","239616","97aafbee23863c37faf88a72fb0c20a66cf3f436ebd0af1fc62d41e5adf44cf9"
"coursework/year-2/inventor/Homework 3/HingeGuide.ipt","267776","80c4f21732b60843be4af23b7db5b12c1edd032cddae6d71de483da9286dd9b1"
"coursework/year-2/inventor/Homework 3/OldVersions/AnchorBase.0002.ipt","326144","9f6ec8f73d200ad833db0e7bf7c8a07cf79801a3d7825f35ceb78ed9dc0ac7d4"
"coursework/year-2/inventor/Homework 3/OldVersions/HingeGuide.0001.ipt","211456","b1efb6fc8864e2e0d73d44608c7ecac8082e17f8b83250e370dfc797cbae514d"
"coursework/year-2/inventor/Homework 3/OldVersions/PivotLock.0001.ipt","254976","bd224a10247216f2edc2ea5942779efe9f0ec6e88f5d7e60f5f7162a6dac71a2"
"coursework/year-2/inventor/Homework 3/OldVersions/WedgeBlock.0001.ipt","209408","041b371c4b1704ff041f6541e13bb5db43e4f6f816bf8eb002ddc118d5aee6fa"
"coursework/year-2/inventor/Homework 3/PDFs/AnchorBase.pdf","534351","05f38aae971ea6ea0910995e070447cd2aa756b3a15746087d48fd604f5bdcd8"
"coursework/year-2/inventor/Homework 3/PDFs/GasketDesignDims.pdf","529383","def48a976a41babef0d32784f99ff5c7cc5a6c9636f61057e3d0d7c56602ea18"
"coursework/year-2/inventor/Homework 3/PDFs/HingeGuide.pdf","532966","fdc5a3312759bcaa51471550687316f0ceecf5b3f844de9e8f95f179f6cc185f"
"coursework/year-2/inventor/Homework 3/PDFs/PivotLock.pdf","549508","bc6ea6551f37d68f7773e7460297c37e2d56873be43d49103653ba3ef256775d"
"coursework/year-2/inventor/Homework 3/PDFs/SwivelDIM.pdf","540338","1ea6d177263a40a8b8eca907fcc3a0b3bec22f0c54a236af14aab05a9636c8ea"
"coursework/year-2/inventor/Homework 3/PDFs/VentCover.pdf","462106","c28f2becbac15213509e3477560cf41110f1fc81d5dd37a3f4123c58c9b41845"
"coursework/year-2/inventor/Homework 3/PDFs/WedgeBlock.pdf","507465","2692f68bbe4e50a5ec45bb64785927c33494916b42e92638b31e76300cd8ee40"
"coursework/year-2/inventor/Homework 3/PivotLock.ipt","282112","0ca2983d6af6592197d3a361eddd0010ebaeae3d17d4f320e0ab824008ffc211"
"coursework/year-2/inventor/Homework 3/SwivelBase.ipt","217088","3b1470ab96059dcf818e6bd5ef87ebd6e84516aeb3d14608daa0a1604e394d07"
"coursework/year-2/inventor/Homework 3/SwivelDIM.ipt","244736","6a71170be6a05a17d4a7a68fa810e807e5017a3f1192b51f7ee2bdadc93ad9d3"
"coursework/year-2/inventor/Homework 3/VentCover.ipt","294912","b1bbe1df22ef4afa1251010fe35f40e5522a4782174ff629b060e1c77930e307"
"coursework/year-2/inventor/Homework 3/WedgeBlock.ipt","252928","31552f96f1e55de8c8ef3e1a149285a977a55d177cea5b84250a86d7bbcc8d30"
"coursework/year-2/inventor/Homework 4/BlockBase.ipt","248320","25c5eea53cb031fe4552775df291ea0acc67e30f2500c28b302bf141f4fa1ca5"
"coursework/year-2/inventor/Homework 4/Chapter8Projcet.ipt","358400","2655bd9700b95924eff5029c520a27ada7da7056334e158508be3e8e71c6201f"
"coursework/year-2/inventor/Homework 4/CornerStop.ipt","295424","1bdd65203db0c57f8bc743ecc09291a4df9de62718151f321b9dcd980ccaf2e3"
"coursework/year-2/inventor/Homework 4/final/AngleLatch.ipt","275456","b40964fdce485eb7bca190da75fb8a7513335db3fdd64c9fd2e2722d0f12db89"
"coursework/year-2/inventor/Homework 4/final/AngleLatch.pdf","1532103","896460b71f230da20184bdf39de9af1ce3deec6028b357d2ca6831a48eb97524"
"coursework/year-2/inventor/Homework 4/final/BlockBase.dwg","342154","e50abb36016c33cd30e25edb49ae2d1b8e17c538f083f8d65ce3f27bbec59395"
"coursework/year-2/inventor/Homework 4/final/BlockBase.pdf","102041","afb33878a39c507b8e9090a25bfbca1512388527106383fd373d6610af6aa1a0"
"coursework/year-2/inventor/Homework 4/final/Chapter8Projcet.dwg","300507","1aada2a45f56b67202fc989f75ae65f7db4d64c7021c0382319c0cee5eacac4c"
"coursework/year-2/inventor/Homework 4/final/Chapter8Projcet.pdf","83454","b4cf62b8a2b065d2898465cec731b84efc2c5b4db149885e71ad3dbf2d626b50"
"coursework/year-2/inventor/Homework 4/final/CornerStop.idw","305664","8443e9ab42d1c914cc81602af98245cc5867f41c621d4e9ab00bd7ac8ed4f7a8"
"coursework/year-2/inventor/Homework 4/final/CornerStop.pdf","173467","5de7e60b26ee4fc69bba0b39e3be800a977dc494fdf58456848295e2fa57e40d"
"coursework/year-2/inventor/Homework 4/final/InclinedLift.ipt","277504","859c13464aa36db0bdce4b8fc13426cc777995cc5025e050d846d2e3eff17fe8"
"coursework/year-2/inventor/Homework 4/final/InclinedLift.pdf","1599785","c635ac7e7753bfa19c71e18492d49aa97d75163b15d7c64b34fa4703a15bb2b6"
"coursework/year-2/inventor/Homework 4/final/ShaftGuide.idw","286208","8196b4f9883cde7fad2a7b448e2dea73b8e9917b8062ebe2fd6161b6ed492235"
"coursework/year-2/inventor/Homework 4/final/ShaftGuide.pdf","87930","3a04e4bb853240ef8cb8b47b895305d88d5cae00c5e2bc2e2d7bdc2f3a78dacc"
"coursework/year-2/inventor/Homework 4/final/UBracket.ipt","359424","5d1598f309c56f50bd2ecc547a972f5d1cfccb9bc640834646cdf1693020238a"
"coursework/year-2/inventor/Homework 4/final/UBracket.pdf","1543505","0e977adfbccb31649dc9a2f3208a4e2cc9495c62834921169c801c7a85ab05ac"
"coursework/year-2/inventor/Homework 4/OldVersions/AngleLatch.0001.ipt","229376","0dd3f73571f9977912e4dd1f540905d39f5a5ad5dcf2a9328f915ec1bc61193c"
"coursework/year-2/inventor/Homework 4/OldVersions/BlockBase.0001.ipt","220160","8db07a731397fff1ad3c6e2470dd8fc4a7c3715923347825d508113048069e8b"
"coursework/year-2/inventor/Homework 4/OldVersions/CornerStop.0001.ipt","227840","c45b57df20ffad12985f07648ff4ad6da3c64bd75faaabd7db27e6fd8dec922f"
"coursework/year-2/inventor/Homework 4/OldVersions/InclinedLift.0001.ipt","240128","bb1acf081a081a5e2a6245f38fb4705403b1fd9417db237c7e430c29cb6f65d7"
"coursework/year-2/inventor/Homework 4/OldVersions/ShaftGuide.0001.ipt","237056","573f483e151102b48b07f22aba498ef54c4ce83a52251ba9bd31fd72fdae801a"
"coursework/year-2/inventor/Homework 4/OldVersions/UBracket.0001.ipt","331776","334280f324fc5cb72e98df09bd2325f7856e1dd4dcb547a123d34eb5158de531"
"coursework/year-2/inventor/Homework 4/ShaftGuide.ipt","286208","340a7695a68d8a097ab6e4e3958d6bb082c2adccaa4d667014c51522069a744b"
"coursework/year-2/inventor/Homework 5/Angle V-Block.bak","416223","7e0f6263f17fda8befddf32ebf606ee3c418c76c9270e4d69e7ac571f024f5e2"
"coursework/year-2/inventor/Homework 5/Angle V-Block.dwg","442212","694dd2511ebe6e0089bac4e914425d30dc71b9197df42c1ee8750720cf4e21fc"
"coursework/year-2/inventor/Homework 5/Angle V-Block.ipt","225792","e3b8b21839db9956dfd7c9025a47f99b31f6fd0ef1535291f5a1736d8ee7a759"
"coursework/year-2/inventor/Homework 5/BevelWasher.dwg","449216","12f9c58b6a521f76ec92d00541a1a8666e0280222445b4bc40aed9f8930e99d4"
"coursework/year-2/inventor/Homework 5/BevelWasher.ipt","297984","7647552ff4976c1572409043b48c23222b55d46e670b95ceb909e63560a42ff5"
"coursework/year-2/inventor/Homework 5/OldVersions/BevelWasher.0002.ipt","270848","64089dc6f067ca22263a229f466e4cc94a005b03cd04b0b19acc34fb4d0ca2ed"
"coursework/year-2/inventor/Homework 5/OldVersions/BevelWasher.0003.dwg","312412","b9cffc3d159ce6170924c831854eae8ec26522606c29f4a37ac022fc4fd05094"
"coursework/year-2/inventor/Homework 5/OldVersions/RodGuide Design.0001.dwg","320316","b2b714fffc20669faa2b60d423cf0002d8615b89c1e928592672aa5c4e0ffd58"
"coursework/year-2/inventor/Homework 5/PDFs/Angle V-Block.pdf","118266","43a7688837a1c98996432a5a73c133814f448323ecc238e01ccb3263028f2e4a"
"coursework/year-2/inventor/Homework 5/PDFs/BevelWasher.pdf","130454","b52b3f027fb651bd4830ff2d3ef32d00d6ed803b136e225b18e6958a0dc25c72"
"coursework/year-2/inventor/Homework 5/PDFs/RodGuide Design.pdf","119243","b31a15d24652f603983cc01cce04a6cae0090d1a411216e0cd9bc1b7dc54b065"
"coursework/year-2/inventor/Homework 5/PDFs/RodSlide.pdf","121658","a871545ffa6e140eefb6371cbcded45b908df6d4d415a11d38a4796be6569654"
"coursework/year-2/inventor/Homework 5/RodGuide Design.dwg","409411","efff90eaf088a3a112662262bf3c4bd904c3a2218055f7efb550d8904e591912"
"coursework/year-2/inventor/Homework 5/RodGuide Design.ipt","231936","d154cc804d2bd8594386f6acbad5e804d501cc439aac64ab30f7c596889beb9c"
"coursework/year-2/inventor/Homework 5/RodSlide.dwg","404149","5b145b4defb886b860a7758a47a3a0c8f5d684b2963babc21d8b483fb2e33c16"
"coursework/year-2/inventor/Homework 5/RodSlide.ipt","222720","86b87f3341ede27d9acd3cb502e96efa4da106ec2469fa6fb76baa84eda18625"
"coursework/year-2/inventor/Homework 6/Hub.ipt","238592","b3e81b82c7f9c376dfe23aa66e6882d1b16463a24cbf7cc9d9438e8b690e9716"
"coursework/year-2/inventor/Homework 6/Hub.pdf","98430","cb70906517e9f3d73b822bb3cd167623025434e9c7069e382b46e855294e47c0"
"coursework/year-2/inventor/Homework 6/SwitchBase.ipt","235520","866d3bde871ee3fa9a2f4b86237051fb6f9fa3f0be8ba9e05992339297805fdc"
"coursework/year-2/inventor/Homework 6/SwitchBase.pdf","94658","fa7c9d92b1f5d16b3067258a33aaec7a774a4fae6d1ce2eadfafebabe0cd96d3"
"coursework/year-2/inventor/Homework 6/ThePully.ipt","274944","51614e10a4d9a4b23d9015c87bb220825e40c3a886456640c50bf2774be174ac"
"coursework/year-2/inventor/Homework 6/ThePully.pdf","124948","b1760d12e0685baccdce850c0dc75e899590f7b0052c9d707245eb577e583961"
"coursework/year-2/inventor/Homework 7/Hair Dryer.pdf","142543","ed6ff3d46d1b72771d77e6ab609c4e8ac2135fbdec19ab4283301ecd4ca949ee"
"coursework/year-2/inventor/Homework 7/HairDryer.ipt","760320","25edcae4ccf3bebe15bf5f94aff8c99961551c51061bed725089395df9e57470"
"coursework/year-2/inventor/Homework 7/PistonCap.ipt","261120","343482ef47e9e188eb75491b887c7e1da2bde05ee6afa55387e7b93f15976f1a"
"coursework/year-2/inventor/Homework 7/PistonCap.pdf","83898","9d7fd526a811ed3e2c4c7f6e86fa3d46ffba1e60da4e743b3793758263645a8b"
"coursework/year-2/inventor/Homework 7/PivotLatch.ipt","314368","562afbfa0c2994e08fd31627c92af2e660591a53c988e908a6b7e9cffe0bd0fe"
"coursework/year-2/inventor/Homework 7/PivotLatch.pdf","128895","9b353a560fada4b0010a35e77088969ec2e193bf6ddef732ce85a093104eed4a"
"coursework/year-2/inventor/Homework 8/10x20.ipt","167424","40731fd6340ce282b094f5488b2e148a819105f3c3fe86eb2c163578872681f1"
"coursework/year-2/inventor/Homework 8/20x20.ipt","157184","0d4cf2438360bf491fbfeee65fa6c2d8b5dca6dd551bc7c1f24741b17654fa42"
"coursework/year-2/inventor/Homework 8/assemb/P1/10mmoffset.iam","169984","1a115de319bde2f2875bd8e33cef703a1fcc00924fbd05147384afae99b0ad47"
"coursework/year-2/inventor/Homework 8/assemb/P1/Alligned.iam","145920","a22059fe7841ebc7aac9bd93e135a4d8a3ccbced91d27196b82b17469c10d656"
"coursework/year-2/inventor/Homework 8/assemb/P1/OldVersions/Titleblock.0001.dwg","388849","1b5c2e17c620bf35f92469589bafef95e73a20e44cf7d28ae56ca77a949f0335"
"coursework/year-2/inventor/Homework 8/assemb/P1/opposed.iam","164864","a9debf3a1c0423c63fa12e6eb8781e54704e0673662117db8d58bef1e3ee0d82"
"coursework/year-2/inventor/Homework 8/assemb/P1/Tangent.iam","143872","cf76b92e1601249634282d75c487c9bf7bb6a369ad20f8f7b87dc646b458bc85"
"coursework/year-2/inventor/Homework 8/assemb/P1/Titleblock.dwg","306457","576500199fb9b7be1bdb3b5779677a96f537126629a56f337be9e3943b290fa9"
"coursework/year-2/inventor/Homework 8/assemb/P3/5-29.iam","138752","4532b02074837f7fc2121030fb975f88c2d12be54dfee2a78ecb544b6d955445"
"coursework/year-2/inventor/Homework 8/assemb/P3/Titleblock.dwg","307481","d3cf6a0c308df62467724533a091219d12d829ee3a4c21de62a06ee203d2300c"
"coursework/year-2/inventor/Homework 8/assemb/P4-9/P5-1a.iam","154112","4a474ea8cc97d8ddcbf7a1256f44bd87af0de3a4aef5da417529599b83aa911b"
"coursework/year-2/inventor/Homework 8/assemb/P4-9/P5-1b.iam","139264","8201c22cf155d4e3e350147349e1e4e5f678fa6707117330ce485fafc7605170"
"coursework/year-2/inventor/Homework 8/assemb/P4-9/P5-1c.iam","147968","eb9e461b6ec33cc72ebcc2621ba1408596fb88273e7e90010d7ac008c73cd171"
"coursework/year-2/inventor/Homework 8/assemb/P4-9/P5-1d.iam","124928","eb7ba2ddb9f21318211a4ab23e890a67013c363636f9a9c2dfb5ad92c34808e7"
"coursework/year-2/inventor/Homework 8/assemb/P4-9/P5-1e.iam","137728","e578ff26bc90084266a3a4d057da9f0f6a4dca29c4f60a2624f540286cd1ee45"
"coursework/year-2/inventor/Homework 8/assemb/P4-9/P5-1f.iam","147968","2243f34365f7e92c118b88fc4a796fc75940265f547449e2ab90c76ddb6bf7ee"
"coursework/year-2/inventor/Homework 8/assemb/pdf/P1&P2.pdf","116290","3047b6c30f70752ccd9d0836cb02c0e2b653218b9724682dc9e9328f3312685e"
"coursework/year-2/inventor/Homework 8/assemb/pdf/P3.pdf","95000","7cda3b74b9acff667802529442216b4f91be3e61761da892872a27b53b47e3da"
"coursework/year-2/inventor/Homework 8/assemb/pdf/P4-P9.pdf","157051","c3dd748b26a8c3368d9e3226d681c209b8332b4a089ee2dc277f4acb2dde1830"
"coursework/year-2/inventor/Homework 8/Blockbottom.ipt","195072","a2f9e6c50e3674c9eb787e888f0203042827c34139673b2ef9ad5d0fee08c0d4"
"coursework/year-2/inventor/Homework 8/Blocktop.ipt","163840","e0c868649144aefb2061d881a703d48455e4fcb14ac761f5f0a958268881d10d"
"coursework/year-2/inventor/Homework 8/OldVersions/10x20.0001.ipt","156160","c0b2539360cf1fdc71550312450614b975066551829db4bc52feee6722ab7e6a"
"coursework/year-2/inventor/Homework 8/OldVersions/20x20.0001.ipt","153088","48498989e0609f98a91c8d119b41cc5273a7db4746126d165879a6869b249d34"
"coursework/year-2/inventor/Homework 8/OldVersions/Blockbottom.0001.ipt","174592","a025d2e77d7733de8791a6649c3176046ecfeee28538574e6d09ff152bb4a1db"
"coursework/year-2/inventor/Homework 8/OldVersions/SQblock.0002.ipt","153600","52aac58e2fd7d851a9a9460a6796e08bb976adc899296d819d1c469810580c7a"
"coursework/year-2/inventor/Homework 8/SQblock.ipt","156160","0ea3a62313e8fe5840a6bc36e01998523d81b53342aff4e3f9dcfb4711fb3e1f"
"coursework/year-2/inventor/Midterm/Midterm.dwg","546863","549fd73814f2b9293ab21363294c4704ecf7f6125a6428912ce0f8daa5e7132e"
"coursework/year-2/inventor/Midterm/Midterm.pdf","108313","05ad7746aec424d28520924ce52104afa88c2292dcb1ee04b13287b58e28c355"
"coursework/year-2/inventor/Midterm/Midtermnew.dwg","513070","27cbb5c561565d655b8ae9e94f7ce174b2cf68715d5eb6824a935c573ed8a3f0"
"coursework/year-2/inventor/Midterm/Midtermtech.dwg","453254","9cee46e163128e26fdbf8539d7b6534046970bb4a95de0ab4cff704f397845fe"
"coursework/year-2/inventor/Midterm/Midtermtech.pdf","108172","c374821d36809932d9193bab61ce25f45b189b4f2d938cb2318d8f4b167fd4cb"
"coursework/year-2/inventor/Midterm/OldVersions/Midterm.0002.ipt","357888","5c8d7ab1b0db49de3ad8e1446e1d4c0f07090c4bf869542416bf84a60ea829aa"
"coursework/year-2/inventor/Midterm/OldVersions/Midtermtech.0001.dwg","424475","34e0d6b6d8bc599d9bb675a4d028f6c33fdf6bb2f700b0c90ce91bd1d82ae0c2"
"coursework/year-2/inventor/Midterm/Part1.dwg","114009","b8194a2fae6db0b939d5d078fad5bd3f14f12eeeff039387e29dc0578616fd74"
"coursework/year-2/inventor/Midterm/Part1.ipt","368640","c7b4016a6b39f17041c68d149102bffb91f51c2fe163c116f178acfe0f742992"
"coursework/year-2/inventor/MiniProject/axle.ipt","200704","2db31555baa5cd0f81577ce7ad96ab5551f1c43413b5f6eb104a166f78c39914"
"coursework/year-2/inventor/MiniProject/Base plate.ipt","221696","55faf0aa096e4eb147df57b37ae9c458039a8c9d655b07fde58911cb978ce704"
"coursework/year-2/inventor/MiniProject/Bracket MATL.ipt","349696","a871d965be7a416b28c4b80252125b3a47bbea80e6b83e51018bc3caed218843"
"coursework/year-2/inventor/MiniProject/Final.iam","248320","6ed3d8df91b417d7a206009118bdcb1fcd4e019cce389680ccb6006e1755ad4b"
"coursework/year-2/inventor/MiniProject/OldVersions/axle.0002.ipt","205824","19b043afa84151d7b15fc7ad39e3d0afcde21095421d9a90fcc536151741313c"
"coursework/year-2/inventor/MiniProject/OldVersions/Final.0001.iam","247296","8694837df4b52aa8526ee472ea54667f5bc40ec28b132b72ece90a91c2cb990f"
"coursework/year-2/inventor/MiniProject/OldVersions/Wheel.0004.ipt","267264","445e5b2eada6bca46a41f3159a5c2154ac0987882ebc965b72a1bfcdef418baa"
"coursework/year-2/inventor/MiniProject/pdfs/assemb.dwg","406496","cdba7a286d02c5b9228002a9cedf02b38dabbe3a2dcd77bbb1e3c2291144d238"
"coursework/year-2/inventor/MiniProject/pdfs/assemb.pdf","391306","8080782462de9588e850842ee2f5fa97b7d8cc1597845f07fce56f9f3e977c41"
"coursework/year-2/inventor/MiniProject/pdfs/AXLE.dwg","299190","6531015c8f793bd502b4f87a3eb701e0bf59b0ce1a0a85ebde8aab81f4285e47"
"coursework/year-2/inventor/MiniProject/pdfs/AXLE.pdf","82004","6f94773b577b264e22ddafc5a2ad6dcb97659bb136c3d87130a7fb0d1b631125"
"coursework/year-2/inventor/MiniProject/pdfs/BASEPLATE.dwg","355879","c5d299d8265d512d4b6954a869fdcebf189bfb542db34823664043cee08d00f0"
"coursework/year-2/inventor/MiniProject/pdfs/BASEPLATE.pdf","175668","ab06e600a7e3034de046c6ba81a5d895aa1ef5447cc425b0e05aac45ff072cba"
"coursework/year-2/inventor/MiniProject/pdfs/BRACKET.dwg","408873","63a1c7a72002dfd94d93ff322672bbb0b5dd708a0650c369a3fb4b50124a1413"
"coursework/year-2/inventor/MiniProject/pdfs/BRACKET.pdf","221711","5a6e8b35500f6771c17f4cab445785e044dc11ee8c81e2caab7fd385663b498f"
"coursework/year-2/inventor/MiniProject/pdfs/WHEEL.dwg","418042","21eaf8545615f6916af594838b7299609bf41f7582afe66e5a6cf7cd12bba4df"
"coursework/year-2/inventor/MiniProject/pdfs/WHEEL.pdf","221871","1be55204c4955faf5e288bcb028a7dfcc8457845023ef31d1a0a418b43da7367"
"coursework/year-2/inventor/MiniProject/Wheel.ipt","270336","e0ae144de3d72b051dbee08c90325555667b99111e4e6b35486d4702366490bf"
"coursework/year-2/inventor/OldVersions/11x8.5 title block.0001.dwg","247287","8199f8b1e49987b80fcfdb5cf57218ad692ba208a878c9d559a109bdb823a5c1"
"coursework/year-2/inventor/OldVersions/Angelo Titleblock.0012.dwg","467037","84496d85b33863c7e83ff9e556c79879d3aa58062e47d3936536ee31ec3cccaf"
"coursework/year-2/inventor/Parametric.pdf","68443838","6a3a000d8e877b47490cc4bb2e24ff60ce1729cac560c7aa89e254a23532e83c"
"coursework/year-2/inventor/sajid/sajid hw 2.ipt","213504","8aae05bac6b0d4eef56d3ddc7293f6ee869720b86f38f4c0565ab4dce66f376a"
"coursework/year-2/inventor/sajid/sajid hw 2.pdf","1447236","99c6c7b1d8ed46d16b925d2fc9a169c7f05473ee71d4f8c4ed89b6b08733d76e"
"coursework/year-2/inventor/sajid/sajid hw.ipt","169472","fe5d15d3e77feee337817168fd48ca88652c5f32db283b3c24315fd3748c990d"
"coursework/year-2/inventor/sajid/sajid hw.pdf","1515099","c8d4f311b07e014581a7be167d4634fecdcf9330c44409d9c0e10f86edd04e8a"
"coursework/year-2/inventor/sajid/sajid hw3.ipt","182784","28b862318fb7e7ac05cba4af6aa8cde98d5d412e33358762c81655a41eea0f71"
"coursework/year-2/inventor/sajid/sajid hw3.pdf","1402809","95c5fe90eeef66b3ca546457d2f6a8dcfa7b15b85a5684c475760a47471699b8"
"projects/kiwi-swerve/Kiwi Swerve v2.emcam","889236","5b4c149b66446749bda8ee5a7ca7ceaab2b9f171a2db18d63c461eb185087e8e"
